Workbook
Name __?춮tb: #REF!
Name ___________________A19999: #REF!
Name ___________________A20000: #REF!
Name ___________________A99999: #REF!
Name ___________________ZZ16384: #REF!
Name __________________A19999: #REF!
Name __________________A20000: #REF!
Name __________________A99999: #REF!
Name __________________ZZ16384: #REF!
Name _________________A19999: #REF!
Name _________________A20000: #REF!
Name _________________A99999: #REF!
Name _________________ZZ16384: #REF!
Name ________________A19999: #REF!
Name ________________A20000: #REF!
Name ________________A99999: #REF!
Name ________________ZZ16384: #REF!
Name _______________A19999: #REF!
Name _______________A20000: #REF!
Name _______________A99999: #REF!
Name _______________ZZ16384: #REF!
Name ______________A19999: #REF!
Name ______________A20000: #REF!
Name ______________A99999: #REF!
Name ______________ZZ16384: #REF!
Name _____________A19999: #REF!
Name _____________A20000: #REF!
Name _____________A99999: #REF!
Name _____________ZZ16384: #REF!
Name ____________A19999: #REF!
Name ____________A20000: #REF!
Name ____________A99999: #REF!
Name ____________ZZ16384: #REF!
Name ___________A19999: #REF!
Name ___________A20000: #REF!
Name _______A19999: #REF!
Name _______A20000: #REF!
Name _______A99999: #REF!
Name _______ZZ16384: #REF!
Name _____A99999: #REF!
Name _____ZZ16384: #REF!
Name ____A19999: #REF!
Name ____A20000: #REF!
Name ____A99999: #REF!
Name ____ZZ16384: #REF!
Name ___A19999: #REF!
Name ___A20000: #REF!
Name ___A99999: #REF!
Name ___ZZ16384: #REF!
Name __0: #REF!
Name __01: #REF!
Name __02: #REF!
Name __03: #REF!
Name __04: #REF!
Name __05: #REF!
Name __06: #REF!
Name __A19999: #N/A
Name __A20000: #N/A
Name __Ａ４: #REF!
Name __A99999: #REF!

Sheet 요약
T1: 1W | U1: 2W | V1: 3W | W1: 4W | X1: 5W
R2: =Q2/Q8 -> 0 | Z2: 동요일 | AA2: 동요일 | AB2: 동요일 | AC2: 동요일 | AD2: 동요일
Q3: 동일자
E4: MLB | H4: 11월 | I4: Actual + Forward FCST | Z4: Lsat Year | AU4: 수식
H5: TARGET | I5: Sales FCST | K5: LY ACTUAL월마감 | L5: GR | M5: Latest FCST | Q5: Actual MTD | R5: LY ACTUAL | S5: GR | T5: Actual | U5: Actual | V5: Actual | W5: Actual | X5: FCST | Z5: LY | AE5: diff (+/-) vs LY | AJ5: Gr.
I6: Sales AMT | J6: Ach% | K6: SALES | L6: vs LY | M6: Sales AMT | N6: DIFF | O6: 주간 | P6: DIFF | T6: W44 (11.1~2) | U6: W45 (11.3~9) | V6: W46 (11.10~16) | W6: W47 (11.17~23) | X6: W48 (11.24~30) | Z6: W44 (11.2~3) | AA6: W45 (11.4~10) | AB6: W46 (11.11~17) | AC6: W47 (11.18~24) | AD6: W48 (11.25~12.1) | AE6: W40 | AF6: W41 | AG6: W42 | AH6: W43 | AI6: W44 | AJ6: W44 | AK6: W45 | AL6: W46 | AM6: W47 | AN6: W48
C7: =H7/K7-1 -> 0.06424192 | E7: 상권 | G7: SUM | H7: =SUM(H8,H11,H13,H12) -> 33000000000 | I7: =SUM(I8,I11,I13,I12) -> 33686756220 | J7: =IFERROR(I7/$H7,"") -> 1.0208108 | K7: =SUM(K8,K11,K13,K12) -> 31007987365 | L7: =IFERROR(I7/K7-1,"") -> 0.08638964 | M7: 33558797360 | N7: =IFERROR(M7-I7,"") -> -127958860 | O7: 7686811403 | P7: =IFERROR(W7-O7,"") -> 127958860 | Q7: =SUM(Q8,Q11,Q13)+Q12 -> 25901904597 | R7: =SUM(R8,R11,R13)+R12 -> 23809938360 | S7: =IFERROR(Q7/R7-1,"") -> 0.087861052 | T7: =SUM(T8,T11,T13)+T12 -> 3080371793 | U7: =SUM(U8,U11,U13)+U12 -> 7723410468 | V7: =SUM(V8,V11,V13)+V12 -> 7283352073 | W7: =SUM(W8,W11,W13)+W12 -> 7814770263 | X7: =SUM(X8,X11,X13)+X12 -> 7784851623 | Z7: =SUM(Z8,Z11,Z12,Z13) -> 2007969322 | AA7: =SUM(AA8,AA11,AA12,AA13) -> 7740086118 | AB7: =SUM(AB8,AB11,AB12,AB13) -> 6993007565 | AC7: =SUM(AC8,AC11,AC12,AC13) -> 7212765468 | AD7: =SUM(AD8,AD11,AD12,AD13) -> 7166784270 | AE7: =IFERROR(T7-Z7,"") -> 1072402471 | AF7: =IFERROR(U7-AA7,"") -> -16675650 | AG7: =IFERROR(V7-AB7,"") -> 290344508 | AH7: =IFERROR(W7-AC7,"") -> 602004795 | AI7: =IFERROR(X7-AD7,"") -> 618067353 | AJ7: =IFERROR(T7/Z7-1,"") -> 0.53407314 | AK7: =IFERROR(U7/AA7-1,"") -> -0.0021544528 | AL7: =IFERROR(V7/AB7-1,"") -> 0.041519261 | AM7: =IFERROR(W7/AC7-1,"") -> 0.083463797 | AN7: =IFERROR(X7/AD7-1,"") -> 0.086240541 | AU7: =SUM(AU8,AU11,AU13)+AU12 -> 0
B8: 국내 | C8: =H8/K8-1 -> 0.066193527 | G8: 국내 | H8: =SUM(H9:H10) -> 18249000000 | I8: =SUM(T8,U8,V8,W8,X8) -> 19080059720 | J8: =IFERROR(I8/$H8,"") -> 1.04554 | K8: =SUM(K9:K10) -> 17116029629 | L8: =IFERROR(I8/K8-1,"") -> 0.114748 | M8: 19020314207 | N8: =IFERROR(M8-I8,"") -> -59745513 | O8: 4397800000 | P8: =IFERROR(W8-O8,"") -> 59745513 | Q8: =SUM(Q9:Q10) -> 14335259720 | R8: =SUM(R9:R10) -> 12988923264 | S8: =IFERROR(Q8/R8-1,"") -> 0.10365266 | T8: =SUM(T9:T10) -> 2057056396 | U8: =SUM(U9:U10) -> 4109710148 | V8: =SUM(V9:V10) -> 3710947663 | W8: =SUM(W9:W10) -> 4457545513 | X8: =SUM(X9:X10) -> 4744800000 | Z8: =SUM(Z9:Z10) -> 1142785422 | AA8: =SUM(AA9:AA10) -> 4066843012 | AB8: =SUM(AB9:AB10) -> 3746477935 | AC8: =SUM(AC9:AC10) -> 4412933708 | AD8: =SUM(AD9:AD10) -> 4141793510 | AE8: =IFERROR(T8-Z8,"") -> 914270974 | AF8: =IFERROR(U8-AA8,"") -> 42867136 | AG8: =IFERROR(V8-AB8,"") -> -35530272 | AH8: =IFERROR(W8-AC8,"") -> 44611805 | AI8: =IFERROR(X8-AD8,"") -> 603006490 | AJ8: =IFERROR(T8/Z8-1,"") -> 0.80003731 | AK8: =IFERROR(U8/AA8-1,"") -> 0.010540642 | AL8: =IFERROR(V8/AB8-1,"") -> -0.0094836464 | AM8: =IFERROR(W8/AC8-1,"") -> 0.01010933 | AN8: =IFERROR(X8/AD8-1,"") -> 0.14559067 | AU8: =SUM(AU9:AU10) -> 0
G9: 국내(순수) | H9: =SUM(H32,H35,H39,H41,H37) -> 13309000000 | I9: =SUM(T9,U9,V9,W9,X9) -> 13772469070 | J9: =IFERROR(I9/$H9,"") -> 1.0348237 | K9: =SUM(K32,K35,K39,K41,K37) -> 14487407654 | L9: =IFERROR(I9/K9-1,"") -> -0.049348966 | M9: 14029877545 | N9: =IFERROR(M9-I9,"") -> 257408475 | O9: 3632300000 | P9: =IFERROR(W9-O9,"") -> -257408475 | Q9: =SUM(Q32,Q35,Q39,Q41,Q37) -> 10279169070 | R9: =SUM(R32,R35,R39,R41,R37) -> 10794634811 | S9: =IFERROR(Q9/R9-1,"") -> -0.047752031 | T9: =SUM(T32,T35,T39,T41,T37) -> 1268310918 | U9: =SUM(U32,U35,U39,U41,U37) -> 2753223784 | V9: =SUM(V32,V35,V39,V41,V37) -> 2882742843 | W9: =SUM(W32,W35,W39,W41,W37) -> 3374891525 | X9: =SUM(X32,X35,X39,X41,X37) -> 3493300000 | Z9: =SUM(Z32,Z35,Z39,Z41,Z37) -> 8.1100466e+08 | AA9: =SUM(AA32,AA35,AA39,AA41,AA37) -> 2.7994019e+09 | AB9: =SUM(AB32,AB35,AB39,AB41,AB37) -> 2.6857768e+09 | AC9: =SUM(AC32,AC35,AC39,AC41,AC37) -> 3.3341285e+09 | AD9: =SUM(AD32,AD35,AD39,AD41,AD37) -> 3.3826155e+09 | AE9: =IFERROR(T9-Z9,"") -> 4.5730626e+08 | AF9: =IFERROR(U9-AA9,"") -> -46178091 | AG9: =IFERROR(V9-AB9,"") -> 1.96966e+08 | AH9: =IFERROR(W9-AC9,"") -> 40762978 | AI9: =IFERROR(X9-AD9,"") -> 1.1068447e+08 | AJ9: =IFERROR(T9/Z9-1,"") -> 0.56387623 | AK9: =IFERROR(U9/AA9-1,"") -> -0.016495699 | AL9: =IFERROR(V9/AB9-1,"") -> 0.073336697 | AM9: =IFERROR(W9/AC9-1,"") -> 0.012225977 | AN9: =IFERROR(X9/AD9-1,"") -> 0.032721563 | AU9: =SUM(AU32,AU35,AU39,AU41,AU37) -> 0
G10: 국내(단체) | H10: =SUM(H45,H48,H52,H54) -> 4940000000 | I10: =SUM(T10,U10,V10,W10,X10) -> 5307590650 | J10: =IFERROR(I10/$H10,"") -> 1.0744111 | K10: =SUM(K45,K48,K52,K54,K50) -> 2628621975 | L10: =IFERROR(I10/K10-1,"") -> 1.0191533 | M10: 4990436662 | N10: =IFERROR(M10-I10,"") -> -317153988 | O10: 765500000 | P10: =IFERROR(W10-O10,"") -> 317153988 | Q10: =SUM(Q45,Q48,Q52,Q54) -> 4056090650 | R10: =SUM(R45,R48,R52,R54) -> 2194288453 | S10: =IFERROR(Q10/R10-1,"") -> 0.8484765 | T10: =SUM(T45,T48,T52,T54,T50) -> 788745478 | U10: =SUM(U45,U48,U52,U54,U50) -> 1356486364 | V10: =SUM(V45,V48,V52,V54,V50) -> 828204820 | W10: =SUM(W45,W48,W52,W54,W50) -> 1082653988 | X10: =SUM(X45,X48,X52,X54,X50) -> 1251500000 | Z10: =SUM(Z45,Z48,Z52,Z54,Z50) -> 3.3178076e+08 | AA10: =SUM(AA45,AA48,AA52,AA54,AA50) -> 1.2674411e+09 | AB10: =SUM(AB45,AB48,AB52,AB54,AB50) -> 1.0607011e+09 | AC10: =SUM(AC45,AC48,AC52,AC54,AC50) -> 1.0788052e+09 | AD10: =SUM(AD45,AD48,AD52,AD54,AD50) -> 7.5917798e+08 | AE10: =IFERROR(T10-Z10,"") -> 4.5696472e+08 | AF10: =IFERROR(U10-AA10,"") -> 89045227 | AG10: =IFERROR(V10-AB10,"") -> -2.3249627e+08 | AH10: =IFERROR(W10-AC10,"") -> 3848827.5 | AI10: =IFERROR(X10-AD10,"") -> 4.9232202e+08 | AJ10: =IFERROR(T10/Z10-1,"") -> 1.3773093 | AK10: =IFERROR(U10/AA10-1,"") -> 0.070255907 | AL10: =IFERROR(V10/AB10-1,"") -> -0.21919113 | AM10: =IFERROR(W10/AC10-1,"") -> 0.0035676762 | AN10: =IFERROR(X10/AD10-1,"") -> 0.64849355 | AU10: =SUM(AU45,AU48,AU52,AU54,AU50) -> 0
A11: 파트너채널팀 | B11: 면세 | C11: =H11/K11-1 -> -0.028421824 | G11: 면세 | H11: 10600000000 | I11: =SUM(T11,U11,V11,W11,X11) -> 10456477100 | J11: =IFERROR(I11/$H11,"") -> 0.9864601 | K11: =SUMIFS(전년!$BD:$BD,전년!$A:$A,$A11,전년!$B:$B,요약!$B11) -> 10910084500 | L11: =IFERROR(I11/K11-1,"") -> -0.041576892 | M11: 10340000000 | N11: =IFERROR(M11-I11,"") -> -116477100 | O11: 2412000000 | P11: =IFERROR(W11-O11,"") -> 116477100 | Q11: =SUMIFS(당년!$BC:$BC,당년!$A:$A,요약!$A11,당년!$B:$B,요약!$B11) -> 8382056500 | R11: =SUMIFS(전년!$BC:$BC,전년!$A:$A,요약!$A11,전년!$B:$B,요약!$B11) -> 8486829900 | S11: =IFERROR(Q11/R11-1,"") -> -0.012345411 | T11: =SUMIFS(당년!AW:AW,당년!$A:$A,요약!$A11,당년!$B:$B,요약!$B11) -> 671832000 | U11: =SUMIFS(당년!AX:AX,당년!$A:$A,요약!$A11,당년!$B:$B,요약!$B11) -> 2533637300 | V11: =SUMIFS(당년!AY:AY,당년!$A:$A,요약!$A11,당년!$B:$B,요약!$B11) -> 2648110100 | W11: =SUMIFS(당년!AZ:AZ,당년!$A:$A,요약!$A11,당년!$B:$B,요약!$B11) -> 2528477100 | X11: 2074420600 | Z11: =SUMIFS(전년!AW:AW,전년!$A:$A,$A11,전년!$B:$B,$B11) -> 689328400 | AA11: =SUMIFS(전년!AX:AX,전년!$A:$A,$A11,전년!$B:$B,$B11) -> 2886112500 | AB11: =SUMIFS(전년!AY:AY,전년!$A:$A,$A11,전년!$B:$B,$B11) -> 2538642900 | AC11: =SUMIFS(전년!AZ:AZ,전년!$A:$A,$A11,전년!$B:$B,$B11) -> 2136325600 | AD11: =SUMIFS(전년!BA:BA,전년!$A:$A,$A11,전년!$B:$B,$B11) -> 2362900600 | AE11: =IFERROR(T11-Z11,"") -> -17496400 | AF11: =IFERROR(U11-AA11,"") -> -352475200 | AG11: =IFERROR(V11-AB11,"") -> 109467200 | AH11: =IFERROR(W11-AC11,"") -> 392151500 | AI11: =IFERROR(X11-AD11,"") -> -288480000 | AJ11: =IFERROR(T11/Z11-1,"") -> -0.025381806 | AK11: =IFERROR(U11/AA11-1,"") -> -0.12212802 | AL11: =IFERROR(V11/AB11-1,"") -> 0.043120362 | AM11: =IFERROR(W11/AC11-1,"") -> 0.18356354 | AN11: =IFERROR(X11/AD11-1,"") -> -0.12208723 | AU11: =SUMIFS(당년!BX:BX,당년!$A:$A,요약!$A11,당년!$B:$B,요약!$B11) -> 0
A12: 파트너채널팀 | B12: 도매 | C12: =H12/K12-1 -> -0.11099886 | G12: 도매 | H12: 250000000 | I12: =SUM(T12,U12,V12,W12,X12) -> 250000000 | J12: =IFERROR(I12/$H12,"") -> 1 | K12: =SUMIFS(전년!$BD:$BD,전년!$A:$A,$A12,전년!$B:$B,요약!$B12) -> 281214486 | L12: =IFERROR(I12/K12-1,"") -> -0.11099886 | M12: 250000000 | N12: =IFERROR(M12-I12,"") -> 0 | O12: 45085950 | P12: =IFERROR(W12-O12,"") -> 0 | Q12: =SUMIFS(당년!$BC:$BC,당년!$A:$A,요약!$A12,당년!$B:$B,요약!$B12) -> 194204430 | R12: =SUMIFS(전년!$BC:$BC,전년!$A:$A,요약!$A12,전년!$B:$B,요약!$B12) -> 217153566 | S12: =IFERROR(Q12/R12-1,"") -> -0.1056816 | T12: =SUMIFS(당년!AW:AW,당년!$A:$A,요약!$A12,당년!$B:$B,요약!$B12) -> 0 | U12: =SUMIFS(당년!AX:AX,당년!$A:$A,요약!$A12,당년!$B:$B,요약!$B12) -> 76939380 | V12: =SUMIFS(당년!AY:AY,당년!$A:$A,요약!$A12,당년!$B:$B,요약!$B12) -> 72179100 | W12: =SUMIFS(당년!AZ:AZ,당년!$A:$A,요약!$A12,당년!$B:$B,요약!$B12) -> 45085950 | X12: 55795570 | Z12: =SUMIFS(전년!AW:AW,전년!$A:$A,$A12,전년!$B:$B,$B12) -> 0 | AA12: =SUMIFS(전년!AX:AX,전년!$A:$A,$A12,전년!$B:$B,$B12) -> 116924976 | AB12: =SUMIFS(전년!AY:AY,전년!$A:$A,$A12,전년!$B:$B,$B12) -> 44497530 | AC12: =SUMIFS(전년!AZ:AZ,전년!$A:$A,$A12,전년!$B:$B,$B12) -> 55731060 | AD12: =SUMIFS(전년!BA:BA,전년!$A:$A,$A12,전년!$B:$B,$B12) -> 64060920 | AE12: =IFERROR(T12-Z12,"") -> 0 | AF12: =IFERROR(U12-AA12,"") -> -39985596 | AG12: =IFERROR(V12-AB12,"") -> 27681570 | AH12: =IFERROR(W12-AC12,"") -> -10645110 | AI12: =IFERROR(X12-AD12,"") -> -8265350 | AJ12: =IFERROR(T12/Z12-1,"") | AK12: =IFERROR(U12/AA12-1,"") -> -0.34197652 | AL12: =IFERROR(V12/AB12-1,"") -> 0.62209228 | AM12: =IFERROR(W12/AC12-1,"") -> -0.19100857 | AN12: =IFERROR(X12/AD12-1,"") -> -0.12902328 | AU12: =SUMIFS(당년!BX:BX,당년!$A:$A,요약!$A12,당년!$B:$B,요약!$B12) -> 0
B13: RF | C13: =H13/K13-1 -> 0.44446239 | G13: RF | H13: =SUM(H33,H36,H40,H46,H49,H53) -> 3901000000 | I13: =SUM(T13,U13,V13,W13,X13) -> 3900219400 | J13: =IFERROR(I13/$H13,"") -> 0.9997999 | K13: =SUM(K33,K36,K40,K46,K49,K53) -> 2700658750 | L13: =IFERROR(I13/K13-1,"") -> 0.44417335 | M13: 3948483153 | N13: =IFERROR(M13-I13,"") -> 48263753 | O13: 831925453 | P13: =IFERROR(W13-O13,"") -> -48263753 | Q13: =SUM(Q33,Q36,Q40,Q46,Q49,Q53) -> 2990383947 | R13: =SUM(R33,R36,R40,R46,R49,R53) -> 2117031630 | S13: =IFERROR(Q13/R13-1,"") -> 0.41253626 | T13: =SUM(T33,T36,T40,T46,T49,T53) -> 351483397 | U13: =SUM(U33,U36,U40,U46,U49,U53) -> 1003123640 | V13: =SUM(V33,V36,V40,V46,V49,V53) -> 852115210 | W13: =SUM(W33,W36,W40,W46,W49,W53) -> 783661700 | X13: =SUM(X33,X36,X40,X46,X49,X53) -> 909835453 | Z13: =SUM(Z33,Z36,Z40,Z46,Z49,Z53) -> 175855500 | AA13: =SUM(AA33,AA36,AA40,AA46,AA49,AA53) -> 670205630 | AB13: =SUM(AB33,AB36,AB40,AB46,AB49,AB53) -> 663389200 | AC13: =SUM(AC33,AC36,AC40,AC46,AC49,AC53) -> 607775100 | AD13: =SUM(AD33,AD36,AD40,AD46,AD49,AD53) -> 598029240 | AE13: =IFERROR(T13-Z13,"") -> 175627897 | AF13: =IFERROR(U13-AA13,"") -> 332918010 | AG13: =IFERROR(V13-AB13,"") -> 188726010 | AH13: =IFERROR(W13-AC13,"") -> 175886600 | AI13: =IFERROR(X13-AD13,"") -> 311806213 | AJ13: =IFERROR(T13/Z13-1,"") -> 0.99870574 | AK13: =IFERROR(U13/AA13-1,"") -> 0.4967401 | AL13: =IFERROR(V13/AB13-1,"") -> 0.28448761 | AM13: =IFERROR(W13/AC13-1,"") -> 0.28939422 | AN13: =IFERROR(X13/AD13-1,"") -> 0.52138958 | AU13: =SUM(AU33,AU36,AU40,AU46,AU49,AU53) -> 0
G14: 면세제외 | H14: =SUM(H8,H12:H13) -> 22400000000 | I14: =SUM(T14,U14,V14,W14,X14) -> 23230279120 | J14: =IFERROR(I14/$H14,"") -> 1.037066 | K14: =SUM(K8,K12:K13) -> 20097902865 | L14: =IFERROR(I14/K14-1,"") -> 0.15585588 | M14: 23218797360 | N14: =IFERROR(M14-I14,"") -> -11481760 | O14: 5274811403 | P14: =IFERROR(W14-O14,"") -> 11481760 | Q14: =SUM(Q8,Q13,Q12) -> 17519848097 | R14: =SUM(R8,R13,R12) -> 15323108460 | S14: =IFERROR(Q14/R14-1,"") -> 0.14336123 | T14: =SUM(T8,T13,T12) -> 2408539793 | U14: =SUM(U8,U13,U12) -> 5189773168 | V14: =SUM(V8,V13,V12) -> 4635241973 | W14: =SUM(W8,W13,W12) -> 5286293163 | X14: =SUM(X8,X13,X12) -> 5710431023 | Z14: =SUM(Z8,Z13) -> 1318640922 | AA14: =SUM(AA8,AA13) -> 4737048642 | AB14: =SUM(AB8,AB13) -> 4409867135 | AC14: =SUM(AC8,AC13) -> 5020708808 | AD14: =SUM(AD8,AD13) -> 4739822750 | AE14: =IFERROR(T14-Z14,"") -> 1089898871 | AF14: =IFERROR(U14-AA14,"") -> 452724526 | AG14: =IFERROR(V14-AB14,"") -> 225374838 | AH14: =IFERROR(W14-AC14,"") -> 265584355 | AI14: =IFERROR(X14-AD14,"") -> 970608273 | AJ14: =IFERROR(T14/Z14-1,"") -> 0.82653196 | AK14: =IFERROR(U14/AA14-1,"") -> 0.095571011 | AL14: =IFERROR(V14/AB14-1,"") -> 0.051106945 | AM14: =IFERROR(W14/AC14-1,"") -> 0.052897781 | AN14: =IFERROR(X14/AD14-1,"") -> 0.20477734 | AU14: =SUM(AU8,AU13,AU12) -> 0
P15: =IFERROR(W15-O15,"") -> 0
C16: =H16/K16-1 -> 0.06424192 | E16: TEAM | G16: SUM | H16: =SUM(H17:H19) -> 33000000000 | I16: =SUM(T16,U16,V16,W16,X16) -> 33662946220 | J16: =IFERROR(I16/$H16,"") -> 1.0200893 | K16: =SUM(K17:K19) -> 31007987365 | L16: =IFERROR(I16/K16-1,"") -> 0.085621773 | M16: 33534987360 | N16: =IFERROR(M16-I16,"") -> -127958860 | O16: 7686811403 | P16: =IFERROR(W16-O16,"") -> 127958860 | Q16: =SUM(Q17:Q19) -> 25901904597 | R16: =SUM(R17:R19) -> 23809938360 | S16: =IFERROR(Q16/R16-1,"") -> 0.087861052 | T16: =SUM(T17:T19) -> 3080371793 | U16: =SUM(U17:U19) -> 7723410468 | V16: =SUM(V17:V19) -> 7259542073 | W16: =SUM(W17:W19) -> 7814770263 | X16: =SUM(X17:X19) -> 7784851623 | Z16: =SUM(Z17:Z19) -> 2007969322 | AA16: =SUM(AA17:AA19) -> 7740086118 | AB16: =SUM(AB17:AB19) -> 6993007565 | AC16: =SUM(AC17:AC19) -> 7212765468 | AD16: =SUM(AD17:AD19) -> 7166784270 | AE16: =IFERROR(T16-Z16,"") -> 1072402471 | AF16: =IFERROR(U16-AA16,"") -> -16675650 | AG16: =IFERROR(V16-AB16,"") -> 266534508 | AH16: =IFERROR(W16-AC16,"") -> 602004795 | AI16: =IFERROR(X16-AD16,"") -> 618067353 | AJ16: =IFERROR(T16/Z16-1,"") -> 0.53407314 | AK16: =IFERROR(U16/AA16-1,"") -> -0.0021544528 | AL16: =IFERROR(V16/AB16-1,"") -> 0.038114432 | AM16: =IFERROR(W16/AC16-1,"") -> 0.083463797 | AN16: =IFERROR(X16/AD16-1,"") -> 0.086240541 | AP16: =SUM(AP17:AP19) -> 3571878354 | AQ16: =AP16-O16 -> -4114933049 | AU16: =SUM(AU17:AU19) -> 0
A17: 파트너채널팀 | C17: =H17/K17-1 -> 0.013989901 | G17: 파트너채널 | H17: =SUM(H31,H44,H11,H12) -> 19890000000 | I17: =SUM(T17,U17,V17,W17,X17) -> 20174598680 | J17: =IFERROR(I17/$H17,"") -> 1.0143086 | K17: =SUMIFS(전년!$BD:$BD,전년!$A:$A,$A17) -> 19615579976 | L17: =IFERROR(I17/K17-1,"") -> 0.028498709 | M17: 19757203980 | N17: =IFERROR(M17-I17,"") -> -417394700 | O17: 4167085950 | P17: =IFERROR(W17-O17,"") -> 417394700 | Q17: =SUM(Q31,Q44,Q11,Q12) -> 15528192510 | R17: =SUM(R31,R44,R11,R12) -> 15287054926 | S17: =IFERROR(Q17/R17-1,"") -> 0.015773972 | T17: =SUM(T31,T44,T11,T12) -> 1698857060 | U17: =SUM(U31,U44,U11,U12) -> 4825488500 | V17: =SUM(V31,V44,V11,V12) -> 4395556300 | W17: =SUM(W31,W44,W11,W12) -> 4584480650 | X17: =SUM(X31,X44,X11,X12) -> 4670216170 | Z17: =SUMIFS(전년!AW:AW,전년!$A:$A,$A17) -> 1319151530 | AA17: =SUMIFS(전년!AX:AX,전년!$A:$A,$A17) -> 5178967396 | AB17: =SUMIFS(전년!AY:AY,전년!$A:$A,$A17) -> 4536747490 | AC17: =SUMIFS(전년!AZ:AZ,전년!$A:$A,$A17) -> 4217167410 | AD17: =SUMIFS(전년!BA:BA,전년!$A:$A,$A17) -> 4262820360 | AE17: =IFERROR(T17-Z17,"") -> 379705530 | AF17: =IFERROR(U17-AA17,"") -> -353478896 | AG17: =IFERROR(V17-AB17,"") -> -141191190 | AH17: =IFERROR(W17-AC17,"") -> 367313240 | AI17: =IFERROR(X17-AD17,"") -> 407395810 | AJ17: =IFERROR(T17/Z17-1,"") -> 0.28784072 | AK17: =IFERROR(U17/AA17-1,"") -> -0.068252775 | AL17: =IFERROR(V17/AB17-1,"") -> -0.031121677 | AM17: =IFERROR(W17/AC17-1,"") -> 0.087099516 | AN17: =IFERROR(X17/AD17-1,"") -> 0.095569547 | AP17: 1397469000 | AQ17: =AP17-O17 -> -2769616950 | AU17: =SUM(AU31,AU44,AU11,AU12) -> 0
A18: 리테일채널팀 | C18: =H18/K18-1 -> 0.1807863 | G18: 리테일채널 | H18: =SUM(H34,H38,H47,H51) -> 9661000000 | I18: =SUM(T18,U18,V18,W18,X18) -> 9802184746 | J18: =IFERROR(I18/$H18,"") -> 1.0146139 | K18: =SUMIFS(전년!$BD:$BD,전년!$A:$A,$A18) -> 8181836130 | L18: =IFERROR(I18/K18-1,"") -> 0.19804217 | M18: 10057603273 | N18: =IFERROR(M18-I18,"") -> 255418527 | O18: 2419725453 | P18: =IFERROR(W18-O18,"") -> -255418527 | Q18: =SUM(Q34,Q38,Q47,Q51) -> 7717549293 | R18: =SUM(R34,R38,R47,R51) -> 6363903035 | S18: =IFERROR(Q18/R18-1,"") -> 0.21270693 | T18: =SUM(T34,T38,T47,T51) -> 1217351263 | U18: =SUM(U34,U38,U47,U51) -> 2232042230 | V18: =SUM(V34,V38,V47,V51) -> 2103848874 | W18: =SUM(W34,W38,W47,W51) -> 2164306926 | X18: =SUM(X34,X38,X47,X51) -> 2084635453 | Z18: =SUMIFS(전년!AW:AW,전년!$A:$A,$A18) -> 643419942 | AA18: =SUMIFS(전년!AX:AX,전년!$A:$A,$A18) -> 1979991852 | AB18: =SUMIFS(전년!AY:AY,전년!$A:$A,$A18) -> 1829224711 | AC18: =SUMIFS(전년!AZ:AZ,전년!$A:$A,$A18) -> 2128953262 | AD18: =SUMIFS(전년!BA:BA,전년!$A:$A,$A18) -> 1849244200 | AE18: =IFERROR(T18-Z18,"") -> 573931321 | AF18: =IFERROR(U18-AA18,"") -> 252050378 | AG18: =IFERROR(V18-AB18,"") -> 274624163 | AH18: =IFERROR(W18-AC18,"") -> 35353664 | AI18: =IFERROR(X18-AD18,"") -> 235391253 | AJ18: =IFERROR(T18/Z18-1,"") -> 0.89200114 | AK18: =IFERROR(U18/AA18-1,"") -> 0.12729869 | AL18: =IFERROR(V18/AB18-1,"") -> 0.15013145 | AM18: =IFERROR(W18/AC18-1,"") -> 0.016606125 | AN18: =IFERROR(X18/AD18-1,"") -> 0.12729052 | AP18: 1563971002 | AQ18: =AP18-O18 -> -855754451 | AU18: =SUM(AU34,AU38,AU47,AU51) -> 0
A19: E-biz | C19: =H19/K19-1 -> 0.07426365 | G19: 온라인 | H19: =SUM(H41,H54) -> 3449000000 | I19: =SUM(T19,U19,V19,W19,X19) -> 3686162794 | J19: =IFERROR(I19/$H19,"") -> 1.0687628 | K19: =SUMIFS(전년!$BD:$BD,전년!$A:$A,$A19) -> 3210571259 | L19: =IFERROR(I19/K19-1,"") -> 0.14813299 | M19: 3720180107 | N19: =IFERROR(M19-I19,"") -> 34017313 | O19: 1100000000 | P19: =IFERROR(W19-O19,"") -> -34017313 | Q19: =SUM(Q41,Q54) -> 2656162794 | R19: =SUM(R41,R54) -> 2158980399 | S19: =IFERROR(Q19/R19-1,"") -> 0.23028574 | T19: =T41+T54 -> 164163470 | U19: =U41+U54 -> 665879738 | V19: =V41+V54 -> 760136899 | W19: =W41+W54 -> 1065982687 | X19: =X41+X54 -> 1030000000 | Z19: =SUMIFS(전년!AW:AW,전년!$A:$A,$A19) -> 45397850 | AA19: =SUMIFS(전년!AX:AX,전년!$A:$A,$A19) -> 581126870 | AB19: =SUMIFS(전년!AY:AY,전년!$A:$A,$A19) -> 627035364 | AC19: =SUMIFS(전년!AZ:AZ,전년!$A:$A,$A19) -> 866644796 | AD19: =SUMIFS(전년!BA:BA,전년!$A:$A,$A19) -> 1054719710 | AE19: =IFERROR(T19-Z19,"") -> 118765620 | AF19: =IFERROR(U19-AA19,"") -> 84752868 | AG19: =IFERROR(V19-AB19,"") -> 133101535 | AH19: =IFERROR(W19-AC19,"") -> 199337891 | AI19: =IFERROR(X19-AD19,"") -> -24719710 | AJ19: =IFERROR(T19/Z19-1,"") -> 2.6161067 | AK19: =IFERROR(U19/AA19-1,"") -> 0.14584228 | AL19: =IFERROR(V19/AB19-1,"") -> 0.21227118 | AM19: =IFERROR(W19/AC19-1,"") -> 0.23001106 | AN19: =IFERROR(X19/AD19-1,"") -> -0.023437231 | AP19: 610438352 | AQ19: =AP19-O19 -> -489561648 | AU19: =AU41+AU54 -> 0
P20: =IFERROR(W20-O20,"") -> 0
E21: 유통별 (국내+RF) | G21: SUM | H21: =SUM(H22:H27) -> 33000000000 | I21: =SUM(I22:I27) -> 33662946220 | J21: =IFERROR(I21/$H21,"") -> 1.0200893 | K21: =SUM(K22:K27) -> 31007987365 | L21: =IFERROR(I21/K21-1,"") -> 0.085621773 | M21: 33534987360 | N21: =IFERROR(M21-I21,"") -> -127958860 | O21: 7686811403 | P21: =IFERROR(W21-O21,"") -> 127958860 | Q21: =SUM(Q22:Q27) -> 25901904597 | R21: =SUM(R22:R27) -> 23809938360 | S21: =IFERROR(Q21/R21-1,"") -> 0.087861052 | T21: =SUM(T22:T27) -> 3080371793 | U21: =SUM(U22:U27) -> 7723410468 | V21: =SUM(V22:V27) -> 7259542073 | W21: =SUM(W22:W27) -> 7814770263 | X21: =SUM(X22:X27) -> 7784851623 | Z21: =SUM(Z22:Z27) -> 2007969322 | AA21: =SUM(AA22:AA27) -> 7740086118 | AB21: =SUM(AB22:AB27) -> 6993007565 | AC21: =SUM(AC22:AC27) -> 7212765468 | AD21: =SUM(AD22:AD27) -> 7166784270 | AE21: =IFERROR(T21-Z21,"") -> 1072402471 | AF21: =IFERROR(U21-AA21,"") -> -16675650 | AG21: =IFERROR(V21-AB21,"") -> 266534508 | AH21: =IFERROR(W21-AC21,"") -> 602004795 | AI21: =IFERROR(X21-AD21,"") -> 618067353 | AJ21: =IFERROR(T21/Z21-1,"") -> 0.53407314 | AK21: =IFERROR(U21/AA21-1,"") -> -0.0021544528 | AL21: =IFERROR(V21/AB21-1,"") -> 0.038114432 | AM21: =IFERROR(W21/AC21-1,"") -> 0.083463797 | AN21: =IFERROR(X21/AD21-1,"") -> 0.086240541 | AU21: =SUM(AU22:AU27) -> 0
G22: 백화점 | H22: =SUM(H31,H44) -> 9040000000 | I22: =SUM(I31,I44) -> 9468121580 | J22: =IFERROR(I22/$H22,"") -> 1.0473586 | K22: =SUM(K31,K44) -> 8424280990 | L22: =IFERROR(I22/K22-1,"") -> 0.12390857 | M22: 9167203980 | N22: =IFERROR(M22-I22,"") -> -300917600 | O22: 1710000000 | P22: =IFERROR(W22-O22,"") -> 300917600 | Q22: =SUM(Q31,Q44) -> 6951931580 | R22: =SUM(R31,R44) -> 6583071460 | S22: =IFERROR(Q22/R22-1,"") -> 0.056031614 | T22: =SUM(T31,T44) -> 1027025060 | U22: =SUM(U31,U44) -> 2214911820 | V22: =SUM(V31,V44) -> 1675267100 | W22: =SUM(W31,W44) -> 2010917600 | X22: =SUM(X31,X44) -> 2540000000 | Z22: =SUM(Z31,Z44) -> 629823130 | AA22: =SUM(AA31,AA44) -> 2175929920 | AB22: =SUM(AB31,AB44) -> 1953607060 | AC22: =SUM(AC31,AC44) -> 2025110750 | AD22: =SUM(AD31,AD44) -> 1835858840 | AE22: =IFERROR(T22-Z22,"") -> 397201930 | AF22: =IFERROR(U22-AA22,"") -> 38981900 | AG22: =IFERROR(V22-AB22,"") -> -278339960 | AH22: =IFERROR(W22-AC22,"") -> -14193150 | AI22: =IFERROR(X22-AD22,"") -> 704141160 | AJ22: =IFERROR(T22/Z22-1,"") -> 0.63065631 | AK22: =IFERROR(U22/AA22-1,"") -> 0.017915053 | AL22: =IFERROR(V22/AB22-1,"") -> -0.14247489 | AM22: =IFERROR(W22/AC22-1,"") -> -0.0070085797 | AN22: =IFERROR(X22/AD22-1,"") -> 0.38354864 | AU22: =SUM(AU31,AU44) -> 0
G23: 대리점 | H23: =SUM(H35,H36,H48,H49) -> 5910000000 | I23: =SUM(I35,I36,I48,I49) -> 6131445246 | J23: =IFERROR(I23/$H23,"") -> 1.0374696 | K23: =SUM(K35,K36,K48,K49) -> 5413851820 | L23: =IFERROR(I23/K23-1,"") -> 0.13254767 | M23: 6345818173 | N23: =IFERROR(M23-I23,"") -> 214372927 | O23: 1487834453 | P23: =IFERROR(W23-O23,"") -> -214372927 | Q23: =SUM(Q35,Q36,Q48,Q49) -> 4892610793 | R23: =SUM(R35,R36,R48,R49) -> 4179532840 | S23: =IFERROR(Q23/R23-1,"") -> 0.17061188 | T23: =SUM(T35,T36,T48,T49) -> 818353513 | U23: =SUM(U35,U36,U48,U49) -> 1447608590 | V23: =SUM(V35,V36,V48,V49) -> 1353187164 | W23: =SUM(W35,W36,W48,W49) -> 1273461526 | X23: =SUM(X35,X36,X48,X49) -> 1238834453 | Z23: =SUM(Z35,Z36,Z48,Z49) -> 397125058 | AA23: =SUM(AA35,AA36,AA48,AA49) -> 1320832712 | AB23: =SUM(AB35,AB36,AB48,AB49) -> 1160610011 | AC23: =SUM(AC35,AC36,AC48,AC49) -> 1479131844 | AD23: =SUM(AD35,AD36,AD48,AD49) -> 1261381432 | AE23: =IFERROR(T23-Z23,"") -> 421228455 | AF23: =IFERROR(U23-AA23,"") -> 126775878 | AG23: =IFERROR(V23-AB23,"") -> 192577153 | AH23: =IFERROR(W23-AC23,"") -> -205670318 | AI23: =IFERROR(X23-AD23,"") -> -22546979 | AJ23: =IFERROR(T23/Z23-1,"") -> 1.0606947 | AK23: =IFERROR(U23/AA23-1,"") -> 0.095981782 | AL23: =IFERROR(V23/AB23-1,"") -> 0.16592753 | AM23: =IFERROR(W23/AC23-1,"") -> -0.139048 | AN23: =IFERROR(X23/AD23-1,"") -> -0.01787483 | AU23: =SUM(AU35,AU36,AU48,AU49) -> 0
G24: 직영점 | H24: =SUM(H38,H51) -> 3401000000 | I24: =SUM(I38,I51) -> 3377798500 | J24: =IFERROR(I24/$H24,"") -> 0.99317804 | K24: =SUM(K38,K51) -> 2562172310 | L24: =IFERROR(I24/K24-1,"") -> 0.31833386 | M24: 3421411100 | N24: =IFERROR(M24-I24,"") -> 43612600 | O24: 871891000 | P24: =IFERROR(W24-O24,"") -> -43612600 | Q24: =SUM(Q38,Q51) -> 2586997500 | R24: =SUM(R38,R51) -> 2018770195 | S24: =IFERROR(Q24/R24-1,"") -> 0.28147201 | T24: =SUM(T38,T51) -> 357161750 | U24: =SUM(U38,U51) -> 712129640 | V24: =SUM(V38,V51) -> 689427710 | W24: =SUM(W38,W51) -> 828278400 | X24: =SUM(X38,X51) -> 790801000 | Z24: =SUM(Z38,Z51) -> 212346884 | AA24: =SUM(AA38,AA51) -> 605555140 | AB24: =SUM(AB38,AB51) -> 622318700 | AC24: =SUM(AC38,AC51) -> 606801418 | AD24: =SUM(AD38,AD51) -> 551322768 | AE24: =IFERROR(T24-Z24,"") -> 144814866 | AF24: =IFERROR(U24-AA24,"") -> 106574500 | AG24: =IFERROR(V24-AB24,"") -> 67109010 | AH24: =IFERROR(W24-AC24,"") -> 221476982 | AI24: =IFERROR(X24-AD24,"") -> 239478232 | AJ24: =IFERROR(T24/Z24-1,"") -> 0.68197312 | AK24: =IFERROR(U24/AA24-1,"") -> 0.17599471 | AL24: =IFERROR(V24/AB24-1,"") -> 0.10783705 | AM24: =IFERROR(W24/AC24-1,"") -> 0.36499088 | AN24: =IFERROR(X24/AD24-1,"") -> 0.43437029 | AU24: =SUM(AU38,AU51) -> 0
G25: 면세+도매 | H25: =SUM(H11,H12) -> 10850000000 | I25: =SUM(I11,I12) -> 10706477100 | J25: =IFERROR(I25/$H25,"") -> 0.98677208 | K25: =SUM(K11,K12) -> 11191298986 | L25: =IFERROR(I25/K25-1,"") -> -0.043321324 | M25: 10590000000 | N25: =IFERROR(M25-I25,"") -> -116477100 | O25: 2457085950 | P25: =IFERROR(W25-O25,"") -> 116477100 | Q25: =SUM(Q11,Q12) -> 8576260930 | R25: =SUM(R11,R12) -> 8703983466 | S25: =IFERROR(Q25/R25-1,"") -> -0.014674032 | T25: =SUM(T11,T12) -> 671832000 | U25: =SUM(U11,U12) -> 2610576680 | V25: =SUM(V11,V12) -> 2720289200 | W25: =SUM(W11,W12) -> 2573563050 | X25: =SUM(X11,X12) -> 2130216170 | Z25: =SUM(Z11,Z12) -> 689328400 | AA25: =SUM(AA11,AA12) -> 3003037476 | AB25: =SUM(AB11,AB12) -> 2583140430 | AC25: =SUM(AC11,AC12) -> 2192056660 | AD25: =SUM(AD11,AD12) -> 2426961520 | AE25: =IFERROR(T25-Z25,"") -> -17496400 | AF25: =IFERROR(U25-AA25,"") -> -392460796 | AG25: =IFERROR(V25-AB25,"") -> 137148770 | AH25: =IFERROR(W25-AC25,"") -> 381506390 | AI25: =IFERROR(X25-AD25,"") -> -296745350 | AJ25: =IFERROR(T25/Z25-1,"") -> -0.025381806 | AK25: =IFERROR(U25/AA25-1,"") -> -0.13068794 | AL25: =IFERROR(V25/AB25-1,"") -> 0.053093811 | AM25: =IFERROR(W25/AC25-1,"") -> 0.17404039 | AN25: =IFERROR(X25/AD25-1,"") -> -0.12227032 | AU25: =SUM(AU11,AU12) -> 0
G26: 온라인 | H26: =SUM(H41,H54) -> 3449000000 | I26: =SUM(I41,I54) -> 3686162794 | J26: =IFERROR(I26/$H26,"") -> 1.0687628 | K26: =SUM(K41,K54) -> 3210571259 | L26: =IFERROR(I26/K26-1,"") -> 0.14813299 | M26: 3720180107 | N26: =IFERROR(M26-I26,"") -> 34017313 | O26: 1100000000 | P26: =IFERROR(W26-O26,"") -> -34017313 | Q26: =SUM(Q41,Q54) -> 2656162794 | R26: =SUM(R41,R54) -> 2158980399 | S26: =IFERROR(Q26/R26-1,"") -> 0.23028574 | T26: =SUM(T41,T54) -> 164163470 | U26: =SUM(U41,U54) -> 665879738 | V26: =SUM(V41,V54) -> 760136899 | W26: =SUM(W41,W54) -> 1065982687 | X26: =SUM(X41,X54) -> 1030000000 | Z26: =SUM(Z41,Z54) -> 45397850 | AA26: =SUM(AA41,AA54) -> 581126870 | AB26: =SUM(AB41,AB54) -> 627035364 | AC26: =SUM(AC41,AC54) -> 866644796 | AD26: =SUM(AD41,AD54) -> 1054719710 | AE26: =IFERROR(T26-Z26,"") -> 118765620 | AF26: =IFERROR(U26-AA26,"") -> 84752868 | AG26: =IFERROR(V26-AB26,"") -> 133101535 | AH26: =IFERROR(W26-AC26,"") -> 199337891 | AI26: =IFERROR(X26-AD26,"") -> -24719710 | AJ26: =IFERROR(T26/Z26-1,"") -> 2.6161067 | AK26: =IFERROR(U26/AA26-1,"") -> 0.14584228 | AL26: =IFERROR(V26/AB26-1,"") -> 0.21227118 | AM26: =IFERROR(W26/AC26-1,"") -> 0.23001106 | AN26: =IFERROR(X26/AD26-1,"") -> -0.023437231 | AU26: =SUM(AU41,AU54) -> 0
G27: 상설(위탁) | H27: =SUM(H37,H50) -> 350000000 | I27: =SUM(I37,I50) -> 292941000 | J27: =IFERROR(I27/$H27,"") -> 0.83697429 | K27: =SUM(K37,K50) -> 205812000 | L27: =IFERROR(I27/K27-1,"") -> 0.42334266 | M27: 290374000 | O27: 60000000 | P27: =IFERROR(W27-O27,"") -> 2567000 | Q27: =SUM(Q37,Q50) -> 237941000 | R27: =SUM(R37,R50) -> 165600000 | S27: =IFERROR(Q27/R27-1,"") -> 0.43684179 | T27: =SUM(T37,T50) -> 41836000 | U27: =SUM(U37,U50) -> 72304000 | V27: =SUM(V37,V50) -> 61234000 | W27: =SUM(W37,W50) -> 62567000 | X27: =SUM(X37,X50) -> 55000000 | Z27: =SUM(Z37,Z50) -> 33948000 | AA27: =SUM(AA37,AA50) -> 53604000 | AB27: =SUM(AB37,AB50) -> 46296000 | AC27: =SUM(AC37,AC50) -> 43020000 | AD27: =SUM(AD37,AD50) -> 36540000 | AE27: =IFERROR(T27-Z27,"") -> 7888000 | AF27: =IFERROR(U27-AA27,"") -> 18700000 | AG27: =IFERROR(V27-AB27,"") -> 14938000 | AH27: =IFERROR(W27-AC27,"") -> 19547000 | AI27: =IFERROR(X27-AD27,"") -> 18460000 | AJ27: =IFERROR(T27/Z27-1,"") -> 0.23235537 | AK27: =IFERROR(U27/AA27-1,"") -> 0.34885456 | AL27: =IFERROR(V27/AB27-1,"") -> 0.32266287 | AM27: =IFERROR(W27/AC27-1,"") -> 0.45437006 | AN27: =IFERROR(X27/AD27-1,"") -> 0.50519978 | AU27: =SUM(AU37,AU50) -> 0
P28: =IFERROR(W28-O28,"") -> 0
E29: 국내+RF | P29: =IFERROR(W29-O29,"") -> 0
E30: 순수 | G30: SUM | H30: =SUM(H31,H34,,H41,H38) -> 15876350000 | I30: =SUM(T30,U30,V30,W30,X30) -> 16485909430 | J30: =IFERROR(I30/$H30,"") -> 1.0383942 | K30: =SUM(K31,K34,K38,K41) -> 16064043254 | L30: =IFERROR(I30/K30-1,"") -> 0.026261519 | M30: 16614683058 | N30: =IFERROR(M30-I30,"") -> 128773628 | O30: 4221534453 | P30: =IFERROR(W30-O30,"") -> -128773628 | Q30: =SUM(Q31,Q34,,Q41,Q38) -> 12460184977 | R30: =SUM(R31,R34,,R41,R38) -> 12023022611 | S30: =IFERROR(Q30/R30-1,"") -> 0.036360438 | T30: =SUM(T31,T34,,T41,T38) -> 1493165425 | U30: =SUM(U31,U34,,U41,U38) -> 3362694684 | V30: =SUM(V31,V34,,V41,V38) -> 3487754043 | W30: =SUM(W31,W34,,W41,W38) -> 4092760825 | X30: =SUM(X31,X34,,X41,X38) -> 4049534453 | Z30: =SUM(Z31,Z34,,Z41,Z38) -> 9.5938176e+08 | AA30: =SUM(AA31,AA34,,AA41,AA38) -> 3.1722938e+09 | AB30: =SUM(AB31,AB34,,AB41,AB38) -> 3.0480081e+09 | AC30: =SUM(AC31,AC34,,AC41,AC38) -> 3.6863212e+09 | AD30: =SUM(AD31,AD34,,AD41,AD38) -> 3.7286415e+09 | AE30: =IFERROR(T30-Z30,"") -> 5.3378366e+08 | AF30: =IFERROR(U30-AA30,"") -> 1.9040091e+08 | AG30: =IFERROR(V30-AB30,"") -> 4.397459e+08 | AH30: =IFERROR(W30-AC30,"") -> 4.0643958e+08 | AI30: =IFERROR(X30-AD30,"") -> 3.2089292e+08 | AJ30: =IFERROR(T30/Z30-1,"") -> 0.55638296 | AK30: =IFERROR(U30/AA30-1,"") -> 0.060019949 | AL30: =IFERROR(V30/AB30-1,"") -> 0.1442732 | AM30: =IFERROR(W30/AC30-1,"") -> 0.11025615 | AN30: =IFERROR(X30/AD30-1,"") -> 0.086061618 | AU30: =SUM(AU31,AU34,,AU41,AU38) -> 0
A31: 파트너채널팀 | C31: * | G31: 백화점 | H31: =SUM(H32:H33) -> 5200000000 | I31: =SUM(T31,U31,V31,W31,X31) -> 5131108938 | J31: =IFERROR(I31/$H31,"") -> 0.98675172 | K31: =SUM(K32:K33) -> 6081814767 | L31: =IFERROR(I31/K31-1,"") -> -0.15631943 | M31: 5160022768 | N31: =IFERROR(M31-I31,"") -> 28913830 | O31: 1190000000 | P31: =IFERROR(W31-O31,"") -> -28913830 | Q31: =SUM(Q32:Q33) -> 3914918938 | R31: =SUM(R32:R33) -> 4686626737 | S31: =IFERROR(Q31/R31-1,"") -> -0.16466167 | T31: =SUM(T32:T33) -> 571375582 | U31: =SUM(U32:U33) -> 1052868856 | V31: =SUM(V32:V33)-23810000 -> 1105778330 | W31: =SUM(W32:W33) -> 1161086170 | X31: =SUM(X32:X33) -> 1240000000 | Z31: =SUM(Z32:Z33) -> 3.9962833e+08 | AA31: =SUM(AA32:AA33) -> 1.1643536e+09 | AB31: =SUM(AB32:AB33) -> 1.1103904e+09 | AC31: =SUM(AC32:AC33) -> 1.3191093e+09 | AD31: =SUM(AD32:AD33) -> 1.2465222e+09 | AE31: =IFERROR(T31-Z31,"") -> 1.7174725e+08 | AF31: =IFERROR(U31-AA31,"") -> -1.1148472e+08 | AG31: =IFERROR(V31-AB31,"") -> -4612093.4 | AH31: =IFERROR(W31-AC31,"") -> -1.5802315e+08 | AI31: =IFERROR(X31-AD31,"") -> -6522175.4 | AJ31: =IFERROR(T31/Z31-1,"") -> 0.42976744 | AK31: =IFERROR(U31/AA31-1,"") -> -0.095748168 | AL31: =IFERROR(V31/AB31-1,"") -> -0.0041535781 | AM31: =IFERROR(W31/AC31-1,"") -> -0.11979534 | AN31: =IFERROR(X31/AD31-1,"") -> -0.005232298 | AU31: =SUM(AU32:AU33) -> 0
A32: =A31 -> 파트너채널팀 | B32: 국내 | C32: * | G32: 국내 | H32: 5000000000 | I32: =SUM(T32,U32,V32,W32,X32) -> 4905921638 | J32: =IFERROR(I32/$H32,"") -> 0.98118433 | K32: =SUMIFS('단체(전년마감)'!$AF:$AF,'단체(전년마감)'!$B:$B,요약!$A32,'단체(전년마감)'!$C:$C,요약!$B32,'단체(전년마감)'!$D:$D,요약!$C32) -> 5926623467 | L32: =IFERROR(I32/K32-1,"") -> -0.17222316 | M32: 4970500368 | N32: =IFERROR(M32-I32,"") -> 64578730 | O32: 1150000000 | P32: =IFERROR(W32-O32,"") -> -64578730 | Q32: =SUMIFS('단체(당년)'!$AF:$AF,'단체(당년)'!$B:$B,요약!$A32,'단체(당년)'!$C:$C,요약!$B32,'단체(당년)'!$D:$D,요약!$C32) -> 3705921638 | R32: =SUMIFS('단체(전년-동일자)'!$AF:$AF,'단체(전년-동일자)'!$B:$B,요약!$A32,'단체(전년-동일자)'!$C:$C,요약!$B32,'단체(전년-동일자)'!$D:$D,요약!$C32) -> 4568233837 | S32: =IFERROR(Q32/R32-1,"") -> -0.18876271 | T32: =SUMIFS('단체(당년)'!$AF:$AF,'단체(당년)'!$B:$B,$A32,'단체(당년)'!$C:$C,$B32,'단체(당년)'!$D:$D,$C32,'단체(당년)'!$A:$A,T$1) -> 545556982 | U32: =SUMIFS('단체(당년)'!$AF:$AF,'단체(당년)'!$B:$B,$A32,'단체(당년)'!$C:$C,$B32,'단체(당년)'!$D:$D,$C32,'단체(당년)'!$A:$A,U$1) -> 1000331756 | V32: =SUMIFS('단체(당년)'!$AF:$AF,'단체(당년)'!$B:$B,$A32,'단체(당년)'!$C:$C,$B32,'단체(당년)'!$D:$D,$C32,'단체(당년)'!$A:$A,V$1) -> 1074611630 | W32: =SUMIFS('단체(당년)'!$AF:$AF,'단체(당년)'!$B:$B,$A32,'단체(당년)'!$C:$C,$B32,'단체(당년)'!$D:$D,$C32,'단체(당년)'!$A:$A,W$1) -> 1085421270 | X32: 1200000000 | Z32: 3.8944943e+08 | AA32: 1.1266989e+09 | AB32: 1.0712945e+09 | AC32: 1.2837034e+09 | AD32: 1.2118698e+09 | AE32: =IFERROR(T32-Z32,"") -> 1.5610755e+08 | AF32: =IFERROR(U32-AA32,"") -> -1.2636712e+08 | AG32: =IFERROR(V32-AB32,"") -> 3317106.6 | AH32: =IFERROR(W32-AC32,"") -> -1.9828215e+08 | AI32: =IFERROR(X32-AD32,"") -> -11869775 | AJ32: =IFERROR(T32/Z32-1,"") -> 0.40084163 | AK32: =IFERROR(U32/AA32-1,"") -> -0.11215696 | AL32: =IFERROR(V32/AB32-1,"") -> 0.0030963536 | AM32: =IFERROR(W32/AC32-1,"") -> -0.15446103 | AN32: =IFERROR(X32/AD32-1,"") -> -0.0097945965 | AU32: =SUMIFS('단체(당년)'!$AF:$AF,'단체(당년)'!$B:$B,$A32,'단체(당년)'!$C:$C,$B32,'단체(당년)'!$D:$D,$C32,'단체(당년)'!$A:$A,AU$1) -> 0
A33: =A32 -> 파트너채널팀 | B33: RF | C33: * | G33: RF | H33: 200000000 | I33: =SUM(T33,U33,V33,W33,X33) -> 248997300 | J33: =IFERROR(I33/$H33,"") -> 1.2449865 | K33: =SUMIFS('RF(전년)'!$BG:$BG,'RF(전년)'!$B:$B,요약!$A33,'RF(전년)'!$D:$D,요약!$E$30,'RF(전년)'!$C:$C,요약!$C33) -> 155191300 | L33: =IFERROR(I33/K33-1,"") -> 0.60445399 | M33: 213332400 | N33: =IFERROR(M33-I33,"") -> -35664900 | O33: 40000000 | P33: =IFERROR(W33-O33,"") -> 35664900 | Q33: =SUMIFS('RF(당년)'!$BF:$BF,'RF(당년)'!$B:$B,요약!$A33,'RF(당년)'!$C:$C,요약!$C33,'RF(당년)'!$D:$D,요약!$E$30) -> 208997300 | R33: =SUMIFS('RF(전년)'!$BF:$BF,'RF(전년)'!$B:$B,요약!$A33,'RF(전년)'!$C:$C,요약!$C33,'RF(전년)'!$D:$D,요약!$E$30) -> 118392900 | S33: =IFERROR(Q33/R33-1,"") -> 0.76528576 | T33: =SUMIFS('RF(당년)'!AZ:AZ,'RF(당년)'!$B:$B,요약!$A33,'RF(당년)'!$C:$C,요약!$C33,'RF(당년)'!$D:$D,요약!$E$30) -> 25818600 | U33: =SUMIFS('RF(당년)'!BA:BA,'RF(당년)'!$B:$B,요약!$A33,'RF(당년)'!$C:$C,요약!$C33,'RF(당년)'!$D:$D,요약!$E$30) -> 52537100 | V33: =SUMIFS('RF(당년)'!BB:BB,'RF(당년)'!$B:$B,요약!$A33,'RF(당년)'!$C:$C,요약!$C33,'RF(당년)'!$D:$D,요약!$E$30) -> 54976700 | W33: =SUMIFS('RF(당년)'!BC:BC,'RF(당년)'!$B:$B,요약!$A33,'RF(당년)'!$C:$C,요약!$C33,'RF(당년)'!$D:$D,요약!$E$30) -> 75664900 | X33: 40000000 | Z33: =SUMIFS('RF(전년)'!AZ:AZ,'RF(전년)'!$B:$B,요약!$A33,'RF(전년)'!$C:$C,요약!$C33,'RF(전년)'!$D:$D,요약!$E$30) -> 10178900 | AA33: =SUMIFS('RF(전년)'!BA:BA,'RF(전년)'!$B:$B,요약!$A33,'RF(전년)'!$C:$C,요약!$C33,'RF(전년)'!$D:$D,요약!$E$30) -> 37654700 | AB33: =SUMIFS('RF(전년)'!BB:BB,'RF(전년)'!$B:$B,요약!$A33,'RF(전년)'!$C:$C,요약!$C33,'RF(전년)'!$D:$D,요약!$E$30) -> 39095900 | AC33: =SUMIFS('RF(전년)'!BC:BC,'RF(전년)'!$B:$B,요약!$A33,'RF(전년)'!$C:$C,요약!$C33,'RF(전년)'!$D:$D,요약!$E$30) -> 35405900 | AD33: =SUMIFS('RF(전년)'!BD:BD,'RF(전년)'!$B:$B,요약!$A33,'RF(전년)'!$C:$C,요약!$C33,'RF(전년)'!$D:$D,요약!$E$30) -> 34652400 | AE33: =IFERROR(T33-Z33,"") -> 15639700 | AF33: =IFERROR(U33-AA33,"") -> 14882400 | AG33: =IFERROR(V33-AB33,"") -> 15880800 | AH33: =IFERROR(W33-AC33,"") -> 40259000 | AI33: =IFERROR(X33-AD33,"") -> 5347600 | AJ33: =IFERROR(T33/Z33-1,"") -> 1.5364823 | AK33: =IFERROR(U33/AA33-1,"") -> 0.39523353 | AL33: =IFERROR(V33/AB33-1,"") -> 0.40620116 | AM33: =IFERROR(W33/AC33-1,"") -> 1.1370704 | AN33: =IFERROR(X33/AD33-1,"") -> 0.1543212 | AU33: =SUMIFS('RF(당년)'!CA:CA,'RF(당년)'!$B:$B,요약!$A33,'RF(당년)'!$C:$C,요약!$C33,'RF(당년)'!$D:$D,요약!$E$30) -> 0
A34: 리테일채널팀 | C34: 대리점 | G34: 대리점 | H34: =SUM(H35:H37) -> 4200000000 | I34: =SUM(T34,U34,V34,W34,X34) -> 4547248698 | J34: =IFERROR(I34/$H34,"") -> 1.0826783 | K34: =SUM(K35:K37) -> 4553466318 | L34: =IFERROR(I34/K34-1,"") -> -0.0013654696 | M34: 4716069583 | N34: =IFERROR(M34-I34,"") -> 168820885 | O34: 1206234453 | P34: =IFERROR(W34-O34,"") -> -168820885 | Q34: =SUM(Q35:Q37) -> 3431014245 | R34: =SUM(R35:R37) -> 3452503880 | S34: =IFERROR(Q34/R34-1,"") -> -0.0062243623 | T34: =SUM(T35:T37) -> 477745673 | U34: =SUM(U35:U37) -> 957916790 | V34: =SUM(V35:V37) -> 957938214 | W34: =SUM(W35:W37) -> 1037413568 | X34: =SUM(X35:X37) -> 1116234453 | Z34: =SUM(Z35:Z37) -> 3.0200869e+08 | AA34: =SUM(AA35:AA37) -> 9.0278579e+08 | AB34: =SUM(AB35:AB37) -> 8.2525295e+08 | AC34: =SUM(AC35:AC37) -> 9.6257922e+08 | AD34: =SUM(AD35:AD37) -> 9.3267888e+08 | AE34: =IFERROR(T34-Z34,"") -> 1.7573698e+08 | AF34: =IFERROR(U34-AA34,"") -> 55131003 | AG34: =IFERROR(V34-AB34,"") -> 1.3268526e+08 | AH34: =IFERROR(W34-AC34,"") -> 74834352 | AI34: =IFERROR(X34-AD34,"") -> 1.8355557e+08 | AJ34: =IFERROR(T34/Z34-1,"") -> 0.58189378 | AK34: =IFERROR(U34/AA34-1,"") -> 0.061067646 | AL34: =IFERROR(V34/AB34-1,"") -> 0.16078132 | AM34: =IFERROR(W34/AC34-1,"") -> 0.077743578 | AN34: =IFERROR(X34/AD34-1,"") -> 0.19680469 | AU34: =SUM(AU35:AU37) -> 0
A35: =A34 -> 리테일채널팀 | B35: 국내 | C35: 대리점 | G35: 국내 | H35: 3600000000 | I35: =SUM(T35,U35,V35,W35,X35) -> 3974684838 | J35: =IFERROR(I35/$H35,"") -> 1.1040791 | K35: =SUMIFS('단체(전년마감)'!$AF:$AF,'단체(전년마감)'!$B:$B,요약!$A35,'단체(전년마감)'!$C:$C,요약!$B35,'단체(전년마감)'!$D:$D,요약!$C35) -> 4175519018 | L35: =IFERROR(I35/K35-1,"") -> -0.048098016 | M35: 4141311170 | N35: =IFERROR(M35-I35,"") -> 166626332 | O35: 1085000000 | P35: =IFERROR(W35-O35,"") -> -166626332 | Q35: =SUMIFS('단체(당년)'!$AF:$AF,'단체(당년)'!$B:$B,요약!$A35,'단체(당년)'!$C:$C,요약!$B35,'단체(당년)'!$D:$D,요약!$C35) -> 2974684838 | R35: =SUMIFS('단체(전년-동일자)'!$AF:$AF,'단체(전년-동일자)'!$B:$B,요약!$A35,'단체(전년-동일자)'!$C:$C,요약!$B35,'단체(전년-동일자)'!$D:$D,요약!$C35) -> 3156316380 | S35: =IFERROR(Q35/R35-1,"") -> -0.057545417 | T35: =SUMIFS('단체(당년)'!$AF:$AF,'단체(당년)'!$B:$B,$A35,'단체(당년)'!$C:$C,$B35,'단체(당년)'!$D:$D,$C35,'단체(당년)'!$A:$A,T$1) -> 419630566 | U35: =SUMIFS('단체(당년)'!$AF:$AF,'단체(당년)'!$B:$B,$A35,'단체(당년)'!$C:$C,$B35,'단체(당년)'!$D:$D,$C35,'단체(당년)'!$A:$A,U$1) -> 817240790 | V35: =SUMIFS('단체(당년)'!$AF:$AF,'단체(당년)'!$B:$B,$A35,'단체(당년)'!$C:$C,$B35,'단체(당년)'!$D:$D,$C35,'단체(당년)'!$A:$A,V$1) -> 819439814 | W35: =SUMIFS('단체(당년)'!$AF:$AF,'단체(당년)'!$B:$B,$A35,'단체(당년)'!$C:$C,$B35,'단체(당년)'!$D:$D,$C35,'단체(당년)'!$A:$A,W$1) -> 918373668 | X35: 1000000000 | Z35: 2.5232239e+08 | AA35: 8.0798049e+08 | AB35: 7.4173495e+08 | AC35: 8.8005042e+08 | AD35: 8.5426698e+08 | AE35: =IFERROR(T35-Z35,"") -> 1.6730817e+08 | AF35: =IFERROR(U35-AA35,"") -> 9260303.2 | AG35: =IFERROR(V35-AB35,"") -> 77704861 | AH35: =IFERROR(W35-AC35,"") -> 38323252 | AI35: =IFERROR(X35-AD35,"") -> 1.4573302e+08 | AJ35: =IFERROR(T35/Z35-1,"") -> 0.66307302 | AK35: =IFERROR(U35/AA35-1,"") -> 0.011461048 | AL35: =IFERROR(V35/AB35-1,"") -> 0.10476095 | AM35: =IFERROR(W35/AC35-1,"") -> 0.043546656 | AN35: =IFERROR(X35/AD35-1,"") -> 0.17059424 | AU35: =SUMIFS('단체(당년)'!$AF:$AF,'단체(당년)'!$B:$B,$A35,'단체(당년)'!$C:$C,$B35,'단체(당년)'!$D:$D,$C35,'단체(당년)'!$A:$A,AU$1) -> 0
A36: =A35 -> 리테일채널팀 | B36: RF | C36: 대리점 | G36: RF | H36: 250000000 | I36: =SUM(T36,U36,V36,W36,X36) -> 279622860 | J36: =IFERROR(I36/$H36,"") -> 1.1184914 | K36: =SUMIFS('RF(전년)'!$BG:$BG,'RF(전년)'!$B:$B,요약!$A36,'RF(전년)'!$D:$D,요약!$E$30,'RF(전년)'!$C:$C,요약!$C36) -> 172135300 | L36: =IFERROR(I36/K36-1,"") -> 0.62443648 | M36: 2.8438441e+08 | N36: =IFERROR(M36-I36,"") -> 4761553 | O36: 61234453 | P36: =IFERROR(W36-O36,"") -> -4761553 | Q36: =SUMIFS('RF(당년)'!$BF:$BF,'RF(당년)'!$B:$B,요약!$A36,'RF(당년)'!$C:$C,요약!$C36,'RF(당년)'!$D:$D,요약!$E$30) -> 218388407 | R36: =SUMIFS('RF(전년)'!$BF:$BF,'RF(전년)'!$B:$B,요약!$A36,'RF(전년)'!$C:$C,요약!$C36,'RF(전년)'!$D:$D,요약!$E$30) -> 130587500 | S36: =IFERROR(Q36/R36-1,"") -> 0.67235307 | T36: =SUMIFS('RF(당년)'!AZ:AZ,'RF(당년)'!$B:$B,요약!$A36,'RF(당년)'!$C:$C,요약!$C36,'RF(당년)'!$D:$D,요약!$E$30) -> 16279107 | U36: =SUMIFS('RF(당년)'!BA:BA,'RF(당년)'!$B:$B,요약!$A36,'RF(당년)'!$C:$C,요약!$C36,'RF(당년)'!$D:$D,요약!$E$30) -> 68372000 | V36: =SUMIFS('RF(당년)'!BB:BB,'RF(당년)'!$B:$B,요약!$A36,'RF(당년)'!$C:$C,요약!$C36,'RF(당년)'!$D:$D,요약!$E$30) -> 77264400 | W36: =SUMIFS('RF(당년)'!BC:BC,'RF(당년)'!$B:$B,요약!$A36,'RF(당년)'!$C:$C,요약!$C36,'RF(당년)'!$D:$D,요약!$E$30) -> 56472900 | X36: 61234453 | Z36: =SUMIFS('RF(전년)'!AZ:AZ,'RF(전년)'!$B:$B,요약!$A36,'RF(전년)'!$C:$C,요약!$C36,'RF(전년)'!$D:$D,요약!$E$30) -> 15738300 | AA36: =SUMIFS('RF(전년)'!BA:BA,'RF(전년)'!$B:$B,요약!$A36,'RF(전년)'!$C:$C,요약!$C36,'RF(전년)'!$D:$D,요약!$E$30) -> 41201300 | AB36: =SUMIFS('RF(전년)'!BB:BB,'RF(전년)'!$B:$B,요약!$A36,'RF(전년)'!$C:$C,요약!$C36,'RF(전년)'!$D:$D,요약!$E$30) -> 37222000 | AC36: =SUMIFS('RF(전년)'!BC:BC,'RF(전년)'!$B:$B,요약!$A36,'RF(전년)'!$C:$C,요약!$C36,'RF(전년)'!$D:$D,요약!$E$30) -> 39508800 | AD36: =SUMIFS('RF(전년)'!BD:BD,'RF(전년)'!$B:$B,요약!$A36,'RF(전년)'!$C:$C,요약!$C36,'RF(전년)'!$D:$D,요약!$E$30) -> 41871900 | AE36: =IFERROR(T36-Z36,"") -> 540807 | AF36: =IFERROR(U36-AA36,"") -> 27170700 | AG36: =IFERROR(V36-AB36,"") -> 40042400 | AH36: =IFERROR(W36-AC36,"") -> 16964100 | AI36: =IFERROR(X36-AD36,"") -> 19362553 | AJ36: =IFERROR(T36/Z36-1,"") -> 0.034362479 | AK36: =IFERROR(U36/AA36-1,"") -> 0.6594622 | AL36: =IFERROR(V36/AB36-1,"") -> 1.0757724 | AM36: =IFERROR(W36/AC36-1,"") -> 0.42937523 | AN36: =IFERROR(X36/AD36-1,"") -> 0.46242356 | AU36: =SUMIFS('RF(당년)'!CA:CA,'RF(당년)'!$B:$B,요약!$A36,'RF(당년)'!$C:$C,요약!$C36,'RF(당년)'!$D:$D,요약!$E$30) -> 0
A37: =A36 -> 리테일채널팀 | B37: 국내 | C37: 상설(위탁) | G37: 상설(위탁) | H37: 350000000 | I37: =SUM(T37,U37,V37,W37,X37) -> 292941000 | J37: =IFERROR(I37/$H37,"") -> 0.83697429 | K37: =SUMIFS('단체(전년마감)'!$AF:$AF,'단체(전년마감)'!$B:$B,요약!$A37,'단체(전년마감)'!$C:$C,요약!$B37,'단체(전년마감)'!$D:$D,요약!$C37) -> 205812000 | L37: =IFERROR(I37/K37-1,"") -> 0.42334266 | M37: 290374000 | O37: 60000000 | P37: =IFERROR(W37-O37,"") -> 2567000 | Q37: =SUMIFS('단체(당년)'!$AF:$AF,'단체(당년)'!$B:$B,요약!$A37,'단체(당년)'!$C:$C,요약!$B37,'단체(당년)'!$D:$D,요약!$C37) -> 237941000 | R37: =SUMIFS('단체(전년-동일자)'!$AF:$AF,'단체(전년-동일자)'!$B:$B,요약!$A37,'단체(전년-동일자)'!$C:$C,요약!$B37,'단체(전년-동일자)'!$D:$D,요약!$C37) -> 165600000 | S37: =IFERROR(Q37/R37-1,"") -> 0.43684179 | T37: =SUMIFS('단체(당년)'!$AF:$AF,'단체(당년)'!$B:$B,$A37,'단체(당년)'!$C:$C,$B37,'단체(당년)'!$D:$D,$C37,'단체(당년)'!$A:$A,T$1) -> 41836000 | U37: =SUMIFS('단체(당년)'!$AF:$AF,'단체(당년)'!$B:$B,$A37,'단체(당년)'!$C:$C,$B37,'단체(당년)'!$D:$D,$C37,'단체(당년)'!$A:$A,U$1) -> 72304000 | V37: =SUMIFS('단체(당년)'!$AF:$AF,'단체(당년)'!$B:$B,$A37,'단체(당년)'!$C:$C,$B37,'단체(당년)'!$D:$D,$C37,'단체(당년)'!$A:$A,V$1) -> 61234000 | W37: =SUMIFS('단체(당년)'!$AF:$AF,'단체(당년)'!$B:$B,$A37,'단체(당년)'!$C:$C,$B37,'단체(당년)'!$D:$D,$C37,'단체(당년)'!$A:$A,W$1) -> 62567000 | X37: 55000000 | Z37: =SUMIFS('단체(전년)'!$AF:$AF,'단체(전년)'!$B:$B,$A37,'단체(전년)'!$C:$C,$B37,'단체(전년)'!$D:$D,$C37,'단체(전년)'!$A:$A,T$1) -> 33948000 | AA37: =SUMIFS('단체(전년)'!$AF:$AF,'단체(전년)'!$B:$B,$A37,'단체(전년)'!$C:$C,$B37,'단체(전년)'!$D:$D,$C37,'단체(전년)'!$A:$A,U$1) -> 53604000 | AB37: =SUMIFS('단체(전년)'!$AF:$AF,'단체(전년)'!$B:$B,$A37,'단체(전년)'!$C:$C,$B37,'단체(전년)'!$D:$D,$C37,'단체(전년)'!$A:$A,V$1) -> 46296000 | AC37: =SUMIFS('단체(전년)'!$AF:$AF,'단체(전년)'!$B:$B,$A37,'단체(전년)'!$C:$C,$B37,'단체(전년)'!$D:$D,$C37,'단체(전년)'!$A:$A,W$1) -> 43020000 | AD37: =SUMIFS('단체(전년)'!$AF:$AF,'단체(전년)'!$B:$B,$A37,'단체(전년)'!$C:$C,$B37,'단체(전년)'!$D:$D,$C37,'단체(전년)'!$A:$A,X$1) -> 36540000 | AE37: =IFERROR(T37-Z37,"") -> 7888000 | AF37: =IFERROR(U37-AA37,"") -> 18700000 | AG37: =IFERROR(V37-AB37,"") -> 14938000 | AH37: =IFERROR(W37-AC37,"") -> 19547000 | AI37: =IFERROR(X37-AD37,"") -> 18460000 | AJ37: =IFERROR(T37/Z37-1,"") -> 0.23235537 | AK37: =IFERROR(U37/AA37-1,"") -> 0.34885456 | AL37: =IFERROR(V37/AB37-1,"") -> 0.32266287 | AM37: =IFERROR(W37/AC37-1,"") -> 0.45437006 | AN37: =IFERROR(X37/AD37-1,"") -> 0.50519978 | AU37: =SUMIFS('단체(당년)'!$AF:$AF,'단체(당년)'!$B:$B,$A37,'단체(당년)'!$C:$C,$B37,'단체(당년)'!$D:$D,$C37,'단체(당년)'!$A:$A,AU$1) -> 0
A38: 리테일채널팀 | C38: 직영점 | G38: 직영점 | H38: =SUM(H39:H40) -> 3027350000 | I38: =SUM(T38,U38,V38,W38,X38) -> 3121389000 | J38: =IFERROR(I38/$H38,"") -> 1.0310631 | K38: =SUM(K39:K40) -> 2218190910 | L38: =IFERROR(I38/K38-1,"") -> 0.4071778 | M38: 3018410600 | N38: =IFERROR(M38-I38,"") -> -102978400 | O38: 725300000 | P38: =IFERROR(W38-O38,"") -> 102978400 | Q38: =SUM(Q39:Q40) -> 2458089000 | R38: =SUM(R39:R40) -> 1724911595 | S38: =IFERROR(Q38/R38-1,"") -> 0.42505216 | T38: =SUM(T39:T40) -> 279880700 | U38: =SUM(U39:U40) -> 686029300 | V38: =SUM(V39:V40) -> 663900600 | W38: =SUM(W39:W40) -> 828278400 | X38: =SUM(X39:X40) -> 663300000 | Z38: =SUM(Z39:Z40) -> 212346884 | AA38: =SUM(AA39:AA40) -> 524027540 | AB38: =SUM(AB39:AB40) -> 485329400 | AC38: =SUM(AC39:AC40) -> 537987918 | AD38: =SUM(AD39:AD40) -> 494720768 | AE38: =IFERROR(T38-Z38,"") -> 67533816 | AF38: =IFERROR(U38-AA38,"") -> 162001760 | AG38: =IFERROR(V38-AB38,"") -> 178571200 | AH38: =IFERROR(W38-AC38,"") -> 290290482 | AI38: =IFERROR(X38-AD38,"") -> 168579232 | AJ38: =IFERROR(T38/Z38-1,"") -> 0.31803535 | AK38: =IFERROR(U38/AA38-1,"") -> 0.30914742 | AL38: =IFERROR(V38/AB38-1,"") -> 0.36793815 | AM38: =IFERROR(W38/AC38-1,"") -> 0.5395855 | AN38: =IFERROR(X38/AD38-1,"") -> 0.34075633 | AU38: =SUM(AU39:AU40) -> 0
A39: =A38 -> 리테일채널팀 | B39: 국내 | C39: 직영점 | G39: 국내 | H39: 910000000 | I39: =SUM(T39,U39,V39,W39,X39) -> 912758800 | J39: =IFERROR(I39/$H39,"") -> 1.0030316 | K39: =SUMIFS('단체(전년마감)'!$AF:$AF,'단체(전년마감)'!$B:$B,요약!$A39,'단체(전년마감)'!$C:$C,요약!$B39,'단체(전년마감)'!$D:$D,요약!$C39) -> 968881910 | L39: =IFERROR(I39/K39-1,"") -> -0.057925645 | M39: 907511900 | N39: =IFERROR(M39-I39,"") -> -5246900 | O39: 237300000 | P39: =IFERROR(W39-O39,"") -> 5246900 | Q39: =SUMIFS('단체(당년)'!$AF:$AF,'단체(당년)'!$B:$B,요약!$A39,'단체(당년)'!$C:$C,요약!$B39,'단체(당년)'!$D:$D,요약!$C39) -> 704458800 | R39: =SUMIFS('단체(전년-동일자)'!$AF:$AF,'단체(전년-동일자)'!$B:$B,요약!$A39,'단체(전년-동일자)'!$C:$C,요약!$B39,'단체(전년-동일자)'!$D:$D,요약!$C39) -> 745504195 | S39: =IFERROR(Q39/R39-1,"") -> -0.055057229 | T39: =SUMIFS('단체(당년)'!$AF:$AF,'단체(당년)'!$B:$B,$A39,'단체(당년)'!$C:$C,$B39,'단체(당년)'!$D:$D,$C39,'단체(당년)'!$A:$A,T$1) -> 97123900 | U39: =SUMIFS('단체(당년)'!$AF:$AF,'단체(당년)'!$B:$B,$A39,'단체(당년)'!$C:$C,$B39,'단체(당년)'!$D:$D,$C39,'단체(당년)'!$A:$A,U$1) -> 197467500 | V39: =SUMIFS('단체(당년)'!$AF:$AF,'단체(당년)'!$B:$B,$A39,'단체(당년)'!$C:$C,$B39,'단체(당년)'!$D:$D,$C39,'단체(당년)'!$A:$A,V$1) -> 167320500 | W39: =SUMIFS('단체(당년)'!$AF:$AF,'단체(당년)'!$B:$B,$A39,'단체(당년)'!$C:$C,$B39,'단체(당년)'!$D:$D,$C39,'단체(당년)'!$A:$A,W$1) -> 242546900 | X39: 208300000 | Z39: =SUMIFS('단체(전년)'!$AF:$AF,'단체(전년)'!$B:$B,$A39,'단체(전년)'!$C:$C,$B39,'단체(전년)'!$D:$D,$C39,'단체(전년)'!$A:$A,T$1) -> 89886984 | AA39: =SUMIFS('단체(전년)'!$AF:$AF,'단체(전년)'!$B:$B,$A39,'단체(전년)'!$C:$C,$B39,'단체(전년)'!$D:$D,$C39,'단체(전년)'!$A:$A,U$1) -> 229991640 | AB39: =SUMIFS('단체(전년)'!$AF:$AF,'단체(전년)'!$B:$B,$A39,'단체(전년)'!$C:$C,$B39,'단체(전년)'!$D:$D,$C39,'단체(전년)'!$A:$A,V$1) -> 199416000 | AC39: =SUMIFS('단체(전년)'!$AF:$AF,'단체(전년)'!$B:$B,$A39,'단체(전년)'!$C:$C,$B39,'단체(전년)'!$D:$D,$C39,'단체(전년)'!$A:$A,W$1) -> 260709918 | AD39: =SUMIFS('단체(전년)'!$AF:$AF,'단체(전년)'!$B:$B,$A39,'단체(전년)'!$C:$C,$B39,'단체(전년)'!$D:$D,$C39,'단체(전년)'!$A:$A,X$1) -> 225219068 | AE39: =IFERROR(T39-Z39,"") -> 7236916 | AF39: =IFERROR(U39-AA39,"") -> -32524140 | AG39: =IFERROR(V39-AB39,"") -> -32095500 | AH39: =IFERROR(W39-AC39,"") -> -18163018 | AI39: =IFERROR(X39-AD39,"") -> -16919068 | AJ39: =IFERROR(T39/Z39-1,"") -> 0.080511278 | AK39: =IFERROR(U39/AA39-1,"") -> -0.14141444 | AL39: =IFERROR(V39/AB39-1,"") -> -0.16094747 | AM39: =IFERROR(W39/AC39-1,"") -> -0.069667538 | AN39: =IFERROR(X39/AD39-1,"") -> -0.075122716 | AU39: =SUMIFS('단체(당년)'!$AF:$AF,'단체(당년)'!$B:$B,$A39,'단체(당년)'!$C:$C,$B39,'단체(당년)'!$D:$D,$C39,'단체(당년)'!$A:$A,AU$1) -> 0
A40: =A39 -> 리테일채널팀 | B40: RF | C40: 직영점 | G40: RF | H40: 2117350000 | I40: =SUM(T40,U40,V40,W40,X40) -> 2208630200 | J40: =IFERROR(I40/$H40,"") -> 1.0431106 | K40: =SUMIFS('RF(전년)'!$BG:$BG,'RF(전년)'!$B:$B,요약!$A40,'RF(전년)'!$D:$D,요약!$E$30,'RF(전년)'!$C:$C,요약!$C40) -> 1249309000 | L40: =IFERROR(I40/K40-1,"") -> 0.76788144 | M40: 2110898700 | N40: =IFERROR(M40-I40,"") -> -97731500 | O40: 488000000 | P40: =IFERROR(W40-O40,"") -> 97731500 | Q40: =SUMIFS('RF(당년)'!$BF:$BF,'RF(당년)'!$B:$B,요약!$A40,'RF(당년)'!$C:$C,요약!$C40,'RF(당년)'!$D:$D,요약!$E$30) -> 1753630200 | R40: =SUMIFS('RF(전년)'!$BF:$BF,'RF(전년)'!$B:$B,요약!$A40,'RF(전년)'!$C:$C,요약!$C40,'RF(전년)'!$D:$D,요약!$E$30) -> 979407400 | S40: =IFERROR(Q40/R40-1,"") -> 0.79050128 | T40: =SUMIFS('RF(당년)'!AZ:AZ,'RF(당년)'!$B:$B,요약!$A40,'RF(당년)'!$C:$C,요약!$C40,'RF(당년)'!$D:$D,요약!$E$30) -> 182756800 | U40: =SUMIFS('RF(당년)'!BA:BA,'RF(당년)'!$B:$B,요약!$A40,'RF(당년)'!$C:$C,요약!$C40,'RF(당년)'!$D:$D,요약!$E$30) -> 488561800 | V40: =SUMIFS('RF(당년)'!BB:BB,'RF(당년)'!$B:$B,요약!$A40,'RF(당년)'!$C:$C,요약!$C40,'RF(당년)'!$D:$D,요약!$E$30) -> 496580100 | W40: =SUMIFS('RF(당년)'!BC:BC,'RF(당년)'!$B:$B,요약!$A40,'RF(당년)'!$C:$C,요약!$C40,'RF(당년)'!$D:$D,요약!$E$30) -> 585731500 | X40: 455000000 | Z40: =SUMIFS('RF(전년)'!AZ:AZ,'RF(전년)'!$B:$B,요약!$A40,'RF(전년)'!$C:$C,요약!$C40,'RF(전년)'!$D:$D,요약!$E$30) -> 122459900 | AA40: =SUMIFS('RF(전년)'!BA:BA,'RF(전년)'!$B:$B,요약!$A40,'RF(전년)'!$C:$C,요약!$C40,'RF(전년)'!$D:$D,요약!$E$30) -> 294035900 | AB40: =SUMIFS('RF(전년)'!BB:BB,'RF(전년)'!$B:$B,요약!$A40,'RF(전년)'!$C:$C,요약!$C40,'RF(전년)'!$D:$D,요약!$E$30) -> 285913400 | AC40: =SUMIFS('RF(전년)'!BC:BC,'RF(전년)'!$B:$B,요약!$A40,'RF(전년)'!$C:$C,요약!$C40,'RF(전년)'!$D:$D,요약!$E$30) -> 277278000 | AD40: =SUMIFS('RF(전년)'!BD:BD,'RF(전년)'!$B:$B,요약!$A40,'RF(전년)'!$C:$C,요약!$C40,'RF(전년)'!$D:$D,요약!$E$30) -> 269501700 | AE40: =IFERROR(T40-Z40,"") -> 60296900 | AF40: =IFERROR(U40-AA40,"") -> 194525900 | AG40: =IFERROR(V40-AB40,"") -> 210666700 | AH40: =IFERROR(W40-AC40,"") -> 308453500 | AI40: =IFERROR(X40-AD40,"") -> 185498300 | AJ40: =IFERROR(T40/Z40-1,"") -> 0.49238077 | AK40: =IFERROR(U40/AA40-1,"") -> 0.66157194 | AL40: =IFERROR(V40/AB40-1,"") -> 0.73681996 | AM40: =IFERROR(W40/AC40-1,"") -> 1.1124341 | AN40: =IFERROR(X40/AD40-1,"") -> 0.68830104 | AU40: =SUMIFS('RF(당년)'!CA:CA,'RF(당년)'!$B:$B,요약!$A40,'RF(당년)'!$C:$C,요약!$C40,'RF(당년)'!$D:$D,요약!$E$30) -> 0
A41: E-biz | B41: * | C41: * | G41: 온라인 | H41: 3449000000 | I41: =SUM(T41,U41,V41,W41,X41) -> 3686162794 | J41: =IFERROR(I41/$H41,"") -> 1.0687628 | K41: =SUMIFS('단체(전년마감)'!$AF:$AF,'단체(전년마감)'!$B:$B,요약!$A41,'단체(전년마감)'!$C:$C,요약!$B41,'단체(전년마감)'!$D:$D,요약!$C41) -> 3210571259 | L41: =IFERROR(I41/K41-1,"") -> 0.14813299 | M41: 3720180107 | N41: =IFERROR(M41-I41,"") -> 34017313 | O41: 1100000000 | P41: =IFERROR(W41-O41,"") -> -34017313 | Q41: =SUMIFS('단체(당년)'!$AF:$AF,'단체(당년)'!$B:$B,요약!$A41,'단체(당년)'!$C:$C,요약!$B41,'단체(당년)'!$D:$D,요약!$C41) -> 2656162794 | R41: =SUMIFS('단체(전년-동일자)'!$AF:$AF,'단체(전년-동일자)'!$B:$B,요약!$A41,'단체(전년-동일자)'!$C:$C,요약!$B41,'단체(전년-동일자)'!$D:$D,요약!$C41) -> 2158980399 | S41: =IFERROR(Q41/R41-1,"") -> 0.23028574 | T41: =SUMIFS('단체(당년)'!$AF:$AF,'단체(당년)'!$B:$B,$A41,'단체(당년)'!$C:$C,$B41,'단체(당년)'!$D:$D,$C41,'단체(당년)'!$A:$A,T$1) -> 164163470 | U41: =SUMIFS('단체(당년)'!$AF:$AF,'단체(당년)'!$B:$B,$A41,'단체(당년)'!$C:$C,$B41,'단체(당년)'!$D:$D,$C41,'단체(당년)'!$A:$A,U$1) -> 665879738 | V41: =SUMIFS('단체(당년)'!$AF:$AF,'단체(당년)'!$B:$B,$A41,'단체(당년)'!$C:$C,$B41,'단체(당년)'!$D:$D,$C41,'단체(당년)'!$A:$A,V$1) -> 760136899 | W41: =SUMIFS('단체(당년)'!$AF:$AF,'단체(당년)'!$B:$B,$A41,'단체(당년)'!$C:$C,$B41,'단체(당년)'!$D:$D,$C41,'단체(당년)'!$A:$A,W$1) -> 1065982687 | X41: 1030000000 | Z41: =SUMIFS('단체(전년)'!$AF:$AF,'단체(전년)'!$B:$B,$A41,'단체(전년)'!$C:$C,$B41,'단체(전년)'!$D:$D,$C41,'단체(전년)'!$A:$A,T$1) -> 45397850 | AA41: =SUMIFS('단체(전년)'!$AF:$AF,'단체(전년)'!$B:$B,$A41,'단체(전년)'!$C:$C,$B41,'단체(전년)'!$D:$D,$C41,'단체(전년)'!$A:$A,U$1) -> 581126870 | AB41: =SUMIFS('단체(전년)'!$AF:$AF,'단체(전년)'!$B:$B,$A41,'단체(전년)'!$C:$C,$B41,'단체(전년)'!$D:$D,$C41,'단체(전년)'!$A:$A,V$1) -> 627035364 | AC41: =SUMIFS('단체(전년)'!$AF:$AF,'단체(전년)'!$B:$B,$A41,'단체(전년)'!$C:$C,$B41,'단체(전년)'!$D:$D,$C41,'단체(전년)'!$A:$A,W$1) -> 866644796 | AD41: =SUMIFS('단체(전년)'!$AF:$AF,'단체(전년)'!$B:$B,$A41,'단체(전년)'!$C:$C,$B41,'단체(전년)'!$D:$D,$C41,'단체(전년)'!$A:$A,X$1) -> 1054719710 | AE41: =IFERROR(T41-Z41,"") -> 118765620 | AF41: =IFERROR(U41-AA41,"") -> 84752868 | AG41: =IFERROR(V41-AB41,"") -> 133101535 | AH41: =IFERROR(W41-AC41,"") -> 199337891 | AI41: =IFERROR(X41-AD41,"") -> -24719710 | AJ41: =IFERROR(T41/Z41-1,"") -> 2.6161067 | AK41: =IFERROR(U41/AA41-1,"") -> 0.14584228 | AL41: =IFERROR(V41/AB41-1,"") -> 0.21227118 | AM41: =IFERROR(W41/AC41-1,"") -> 0.23001106 | AN41: =IFERROR(X41/AD41-1,"") -> -0.023437231 | AU41: =SUMIFS('단체(당년)'!$AF:$AF,'단체(당년)'!$B:$B,$A41,'단체(당년)'!$C:$C,$B41,'단체(당년)'!$D:$D,$C41,'단체(당년)'!$A:$A,AU$1) -> 0
I42: =I43/I8 -> 0.3391268 | K42: =K43/K8 -> 0.21924741 | M42: 0.33281807 | P42: =IFERROR(W42-O42,"") -> 0
E43: 단체 | G43: SUM | H43: =SUM(H44,H47,,H54,H51) -> 6273650000 | I43: =SUM(T43,U43,V43,W43,X43) -> 6470559690 | J43: =IFERROR(I43/$H43,"") -> 1.0313868 | K43: =SUM(K44,K47,K51,K54) -> 3752645125 | L43: =IFERROR(I43/K43-1,"") -> 0.72426634 | M43: 6330304302 | N43: =IFERROR(M43-I43,"") -> -140255388 | O43: 1008191000 | P43: =IFERROR(W43-O43,"") -> 140255388 | Q43: =SUM(Q44,Q47,,Q54,Q51) -> 4865458690 | R43: =SUM(R44,R47,,R54,R51) -> 3082932283 | S43: =IFERROR(Q43/R43-1,"") -> 0.57819188 | T43: =SUM(T44,T47,,T54,T51) -> 915374368 | U43: =SUM(U44,U47,,U54,U51) -> 1750139104 | V43: =SUM(V44,V47,,V54,V51) -> 1051498830 | W43: =SUM(W44,W47,,W54,W51) -> 1148446388 | X43: =SUM(X44,X47,,X54,X51) -> 1605101000 | Z43: =SUM(Z44,Z47,,Z54,Z51) -> 3.5925916e+08 | AA43: =SUM(AA44,AA47,,AA54,AA51) -> 1.5647549e+09 | AB43: =SUM(AB44,AB47,,AB54,AB51) -> 1.361859e+09 | AC43: =SUM(AC44,AC47,,AC54,AC51) -> 1.3343876e+09 | AD43: =SUM(AD44,AD47,,AD54,AD51) -> 1.0111812e+09 | AE43: =IFERROR(T43-Z43,"") -> 5.5611521e+08 | AF43: =IFERROR(U43-AA43,"") -> 1.8538424e+08 | AG43: =IFERROR(V43-AB43,"") -> -3.1036016e+08 | AH43: =IFERROR(W43-AC43,"") -> -1.8594117e+08 | AI43: =IFERROR(X43-AD43,"") -> 5.9391978e+08 | AJ43: =IFERROR(T43/Z43-1,"") -> 1.54795 | AK43: =IFERROR(U43/AA43-1,"") -> 0.11847494 | AL43: =IFERROR(V43/AB43-1,"") -> -0.22789449 | AM43: =IFERROR(W43/AC43-1,"") -> -0.1393457 | AN43: =IFERROR(X43/AD43-1,"") -> 0.58735247 | AU43: =SUM(AU44,AU47,,AU54,AU51) -> 0
A44: 파트너채널팀 | C44: * | G44: 백화점 | H44: =SUM(H45:H46) -> 3840000000 | I44: =SUM(T44,U44,V44,W44,X44) -> 4337012642 | J44: =IFERROR(I44/$H44,"") -> 1.1294304 | K44: =SUM(K45:K46) -> 2342466223 | L44: =IFERROR(I44/K44-1,"") -> 0.85147286 | M44: 4007181212 | N44: =IFERROR(M44-I44,"") -> -329831430 | O44: 520000000 | P44: =IFERROR(W44-O44,"") -> 329831430 | Q44: =SUM(Q45:Q46) -> 3037012642 | R44: =SUM(R45:R46) -> 1896444723 | S44: =IFERROR(Q44/R44-1,"") -> 0.60142429 | T44: =SUM(T45:T46) -> 455649478 | U44: =SUM(U45:U46) -> 1162042964 | V44: =SUM(V45:V46) -> 569488770 | W44: =SUM(W45:W46) -> 849831430 | X44: =SUM(X45:X46) -> 1300000000 | Z44: =SUM(Z45:Z46) -> 2.301948e+08 | AA44: =SUM(AA45:AA46) -> 1.0115763e+09 | AB44: =SUM(AB45:AB46) -> 8.4321664e+08 | AC44: =SUM(AC45:AC46) -> 7.0600143e+08 | AD44: =SUM(AD45:AD46) -> 5.8933666e+08 | AE44: =IFERROR(T44-Z44,"") -> 2.2545468e+08 | AF44: =IFERROR(U44-AA44,"") -> 1.5046662e+08 | AG44: =IFERROR(V44-AB44,"") -> -2.7372787e+08 | AH44: =IFERROR(W44-AC44,"") -> 1.4383e+08 | AI44: =IFERROR(X44-AD44,"") -> 7.1066334e+08 | AJ44: =IFERROR(T44/Z44-1,"") -> 0.97940825 | AK44: =IFERROR(U44/AA44-1,"") -> 0.1487447 | AL44: =IFERROR(V44/AB44-1,"") -> -0.32462342 | AM44: =IFERROR(W44/AC44-1,"") -> 0.2037248 | AN44: =IFERROR(X44/AD44-1,"") -> 1.2058699 | AU44: =SUM(AU45:AU46) -> 0
A45: =A44 -> 파트너채널팀 | B45: 국내 | C45: * | G45: 국내 | H45: 3240000000 | I45: =SUM(T45,U45,V45,W45,X45) -> 3724541742 | J45: =IFERROR(I45/$H45,"") -> 1.1495499 | K45: =SUMIFS('단체(전년마감)'!$Y:$Y,'단체(전년마감)'!$B:$B,요약!$A45,'단체(전년마감)'!$C:$C,요약!$B45,'단체(전년마감)'!$D:$D,요약!$C45) -> 1800217993 | L45: =IFERROR(I45/K45-1,"") -> 1.0689393 | M45: 3384229112 | N45: =IFERROR(M45-I45,"") -> -340312630 | O45: 500000000 | P45: =IFERROR(W45-O45,"") -> 340312630 | Q45: =SUMIFS('단체(당년)'!$Y:$Y,'단체(당년)'!$B:$B,요약!$A45,'단체(당년)'!$C:$C,요약!$B45,'단체(당년)'!$D:$D,요약!$C45) -> 2574541742 | R45: =SUMIFS('단체(전년-동일자)'!$Y:$Y,'단체(전년-동일자)'!$B:$B,요약!$A45,'단체(전년-동일자)'!$C:$C,요약!$B45,'단체(전년-동일자)'!$D:$D,요약!$C45) -> 1499537893 | S45: =IFERROR(Q45/R45-1,"") -> 0.71689009 | T45: =SUMIFS('단체(당년)'!$Y:$Y,'단체(당년)'!$B:$B,$A45,'단체(당년)'!$C:$C,$B45,'단체(당년)'!$D:$D,$C45,'단체(당년)'!$A:$A,T$1) -> 455649478 | U45: =SUMIFS('단체(당년)'!$Y:$Y,'단체(당년)'!$B:$B,$A45,'단체(당년)'!$C:$C,$B45,'단체(당년)'!$D:$D,$C45,'단체(당년)'!$A:$A,U$1) -> 854338564 | V45: =SUMIFS('단체(당년)'!$Y:$Y,'단체(당년)'!$B:$B,$A45,'단체(당년)'!$C:$C,$B45,'단체(당년)'!$D:$D,$C45,'단체(당년)'!$A:$A,V$1) -> 424241070 | W45: =SUMIFS('단체(당년)'!$Y:$Y,'단체(당년)'!$B:$B,$A45,'단체(당년)'!$C:$C,$B45,'단체(당년)'!$D:$D,$C45,'단체(당년)'!$A:$A,W$1) -> 840312630 | X45: 1150000000 | Z45: 2.301948e+08 | AA45: 8.5801421e+08 | AB45: 7.2073284e+08 | AC45: 5.8514053e+08 | AD45: 4.4399526e+08 | AE45: =IFERROR(T45-Z45,"") -> 2.2545468e+08 | AF45: =IFERROR(U45-AA45,"") -> -3675648 | AG45: =IFERROR(V45-AB45,"") -> -2.9649177e+08 | AH45: =IFERROR(W45-AC45,"") -> 2.551721e+08 | AI45: =IFERROR(X45-AD45,"") -> 7.0600474e+08 | AJ45: =IFERROR(T45/Z45-1,"") -> 0.97940825 | AK45: =IFERROR(U45/AA45-1,"") -> -0.0042839011 | AL45: =IFERROR(V45/AB45-1,"") -> -0.41137541 | AM45: =IFERROR(W45/AC45-1,"") -> 0.43608686 | AN45: =IFERROR(X45/AD45-1,"") -> 1.5901177 | AU45: =SUMIFS('단체(당년)'!$Y:$Y,'단체(당년)'!$B:$B,$A45,'단체(당년)'!$C:$C,$B45,'단체(당년)'!$D:$D,$C45,'단체(당년)'!$A:$A,AU$1) -> 0
A46: =A45 -> 파트너채널팀 | B46: RF | C46: * | G46: RF | H46: 600000000 | I46: =SUM(T46,U46,V46,W46,X46) -> 612470900 | J46: =IFERROR(I46/$H46,"") -> 1.0207848 | K46: =SUMIFS('RF(전년)'!$BG:$BG,'RF(전년)'!$B:$B,요약!$A46,'RF(전년)'!$D:$D,요약!$E$43,'RF(전년)'!$C:$C,요약!$C46) -> 542248230 | L46: =IFERROR(I46/K46-1,"") -> 0.12950281 | M46: 622952100 | N46: =IFERROR(M46-I46,"") -> 10481200 | O46: 20000000 | P46: =IFERROR(W46-O46,"") -> -10481200 | Q46: =SUMIFS('RF(당년)'!$BF:$BF,'RF(당년)'!$B:$B,요약!$A46,'RF(당년)'!$C:$C,요약!$C46,'RF(당년)'!$D:$D,요약!$E$43) -> 462470900 | R46: =SUMIFS('RF(전년)'!$BF:$BF,'RF(전년)'!$B:$B,요약!$A46,'RF(전년)'!$C:$C,요약!$C46,'RF(전년)'!$D:$D,요약!$E$43) -> 396906830 | S46: =IFERROR(Q46/R46-1,"") -> 0.16518756 | T46: =SUMIFS('RF(당년)'!AZ:AZ,'RF(당년)'!$B:$B,요약!$A46,'RF(당년)'!$C:$C,요약!$C46,'RF(당년)'!$D:$D,요약!$E$43) -> 0 | U46: =SUMIFS('RF(당년)'!BA:BA,'RF(당년)'!$B:$B,요약!$A46,'RF(당년)'!$C:$C,요약!$C46,'RF(당년)'!$D:$D,요약!$E$43) -> 307704400 | V46: =SUMIFS('RF(당년)'!BB:BB,'RF(당년)'!$B:$B,요약!$A46,'RF(당년)'!$C:$C,요약!$C46,'RF(당년)'!$D:$D,요약!$E$43) -> 145247700 | W46: =SUMIFS('RF(당년)'!BC:BC,'RF(당년)'!$B:$B,요약!$A46,'RF(당년)'!$C:$C,요약!$C46,'RF(당년)'!$D:$D,요약!$E$43) -> 9518800 | X46: 150000000 | Z46: =SUMIFS('RF(전년)'!AZ:AZ,'RF(전년)'!$B:$B,요약!$A46,'RF(전년)'!$C:$C,요약!$C46,'RF(전년)'!$D:$D,요약!$E$43) -> 0 | AA46: =SUMIFS('RF(전년)'!BA:BA,'RF(전년)'!$B:$B,요약!$A46,'RF(전년)'!$C:$C,요약!$C46,'RF(전년)'!$D:$D,요약!$E$43) -> 153562130 | AB46: =SUMIFS('RF(전년)'!BB:BB,'RF(전년)'!$B:$B,요약!$A46,'RF(전년)'!$C:$C,요약!$C46,'RF(전년)'!$D:$D,요약!$E$43) -> 122483800 | AC46: =SUMIFS('RF(전년)'!BC:BC,'RF(전년)'!$B:$B,요약!$A46,'RF(전년)'!$C:$C,요약!$C46,'RF(전년)'!$D:$D,요약!$E$43) -> 120860900 | AD46: =SUMIFS('RF(전년)'!BD:BD,'RF(전년)'!$B:$B,요약!$A46,'RF(전년)'!$C:$C,요약!$C46,'RF(전년)'!$D:$D,요약!$E$43) -> 145341400 | AE46: =IFERROR(T46-Z46,"") -> 0 | AF46: =IFERROR(U46-AA46,"") -> 154142270 | AG46: =IFERROR(V46-AB46,"") -> 22763900 | AH46: =IFERROR(W46-AC46,"") -> -111342100 | AI46: =IFERROR(X46-AD46,"") -> 4658600 | AJ46: =IFERROR(T46/Z46-1,"") | AK46: =IFERROR(U46/AA46-1,"") -> 1.0037779 | AL46: =IFERROR(V46/AB46-1,"") -> 0.18585233 | AM46: =IFERROR(W46/AC46-1,"") -> -0.92124169 | AN46: =IFERROR(X46/AD46-1,"") -> 0.032052808 | AU46: =SUMIFS('RF(당년)'!CA:CA,'RF(당년)'!$B:$B,요약!$A46,'RF(당년)'!$C:$C,요약!$C46,'RF(당년)'!$D:$D,요약!$E$43) -> 0
A47: 리테일채널팀 | C47: 대리점 | G47: 대리점 | H47: =SUM(H48:H50) -> 2060000000 | I47: =SUM(T47,U47,V47,W47,X47) -> 1877137548 | J47: =IFERROR(I47/$H47,"") -> 0.91123182 | K47: =SUM(K48:K50) -> 1066197502 | L47: =IFERROR(I47/K47-1,"") -> 0.76059083 | M47: 1920122590 | N47: =IFERROR(M47-I47,"") -> 42985042 | O47: 341600000 | P47: =IFERROR(W47-O47,"") -> -42985042 | Q47: =SUM(Q48:Q50) -> 1699537548 | R47: =SUM(R48:R50) -> 892628960 | S47: =IFERROR(Q47/R47-1,"") -> 0.90396864 | T47: =SUM(T48:T50) -> 382443840 | U47: =SUM(U48:U50) -> 561995800 | V47: =SUM(V48:V50) -> 456482950 | W47: =SUM(W48:W50) -> 298614958 | X47: =SUM(X48:X50) -> 177600000 | Z47: =SUM(Z48:Z50) -> 1.2906436e+08 | AA47: =SUM(AA48:AA50) -> 4.7165093e+08 | AB47: =SUM(AB48:AB50) -> 3.8165306e+08 | AC47: =SUM(AC48:AC50) -> 5.5957263e+08 | AD47: =SUM(AD48:AD50) -> 3.6524255e+08 | AE47: =IFERROR(T47-Z47,"") -> 2.5337948e+08 | AF47: =IFERROR(U47-AA47,"") -> 90344875 | AG47: =IFERROR(V47-AB47,"") -> 74829892 | AH47: =IFERROR(W47-AC47,"") -> -2.6095767e+08 | AI47: =IFERROR(X47-AD47,"") -> -1.8764255e+08 | AJ47: =IFERROR(T47/Z47-1,"") -> 1.9632024 | AK47: =IFERROR(U47/AA47-1,"") -> 0.1915503 | AL47: =IFERROR(V47/AB47-1,"") -> 0.19606784 | AM47: =IFERROR(W47/AC47-1,"") -> -0.46635174 | AN47: =IFERROR(X47/AD47-1,"") -> -0.51374779 | AU47: =SUM(AU48:AU50) -> 0
A48: =A47 -> 리테일채널팀 | B48: 국내 | C48: 대리점 | G48: 국내 | H48: 1700000000 | I48: =SUM(T48,U48,V48,W48,X48) -> 1583048908 | J48: =IFERROR(I48/$H48,"") -> 0.93120524 | K48: =SUMIFS('단체(전년마감)'!$Y:$Y,'단체(전년마감)'!$B:$B,요약!$A48,'단체(전년마감)'!$C:$C,요약!$B48,'단체(전년마감)'!$D:$D,요약!$C48) -> 828403982 | L48: =IFERROR(I48/K48-1,"") -> 0.91096246 | M48: 1606207550 | N48: =IFERROR(M48-I48,"") -> 23158642 | O48: 265500000 | P48: =IFERROR(W48-O48,"") -> -23158642 | Q48: =SUMIFS('단체(당년)'!$Y:$Y,'단체(당년)'!$B:$B,요약!$A48,'단체(당년)'!$C:$C,요약!$B48,'단체(당년)'!$D:$D,요약!$C48) -> 1481548908 | R48: =SUMIFS('단체(전년-동일자)'!$Y:$Y,'단체(전년-동일자)'!$B:$B,요약!$A48,'단체(전년-동일자)'!$C:$C,요약!$B48,'단체(전년-동일자)'!$D:$D,요약!$C48) -> 694750560 | S48: =IFERROR(Q48/R48-1,"") -> 1.1324904 | T48: =SUMIFS('단체(당년)'!$Y:$Y,'단체(당년)'!$B:$B,$A48,'단체(당년)'!$C:$C,$B48,'단체(당년)'!$D:$D,$C48,'단체(당년)'!$A:$A,T$1) -> 333096000 | U48: =SUMIFS('단체(당년)'!$Y:$Y,'단체(당년)'!$B:$B,$A48,'단체(당년)'!$C:$C,$B48,'단체(당년)'!$D:$D,$C48,'단체(당년)'!$A:$A,U$1) -> 502147800 | V48: =SUMIFS('단체(당년)'!$Y:$Y,'단체(당년)'!$B:$B,$A48,'단체(당년)'!$C:$C,$B48,'단체(당년)'!$D:$D,$C48,'단체(당년)'!$A:$A,V$1) -> 403963750 | W48: =SUMIFS('단체(당년)'!$Y:$Y,'단체(당년)'!$B:$B,$A48,'단체(당년)'!$C:$C,$B48,'단체(당년)'!$D:$D,$C48,'단체(당년)'!$A:$A,W$1) -> 242341358 | X48: 101500000 | Z48: 1.0158596e+08 | AA48: 4.0942693e+08 | AB48: 3.3996826e+08 | AC48: 4.9366463e+08 | AD48: 3.1518271e+08 | AE48: =IFERROR(T48-Z48,"") -> 2.3151004e+08 | AF48: =IFERROR(U48-AA48,"") -> 92720875 | AG48: =IFERROR(V48-AB48,"") -> 63995492 | AH48: =IFERROR(W48-AC48,"") -> -2.5132327e+08 | AI48: =IFERROR(X48-AD48,"") -> -2.1368271e+08 | AJ48: =IFERROR(T48/Z48-1,"") -> 2.2789569 | AK48: =IFERROR(U48/AA48-1,"") -> 0.22646501 | AL48: =IFERROR(V48/AB48-1,"") -> 0.18823961 | AM48: =IFERROR(W48/AC48-1,"") -> -0.50909718 | AN48: =IFERROR(X48/AD48-1,"") -> -0.67796457 | AU48: =SUMIFS('단체(당년)'!$Y:$Y,'단체(당년)'!$B:$B,$A48,'단체(당년)'!$C:$C,$B48,'단체(당년)'!$D:$D,$C48,'단체(당년)'!$A:$A,AU$1) -> 0
A49: =A48 -> 리테일채널팀 | B49: RF | C49: 대리점 | G49: RF | H49: 360000000 | I49: =SUM(T49,U49,V49,W49,X49) -> 294088640 | J49: =IFERROR(I49/$H49,"") -> 0.81691289 | K49: =SUMIFS('RF(전년)'!$BG:$BG,'RF(전년)'!$B:$B,요약!$A49,'RF(전년)'!$D:$D,요약!$E$43,'RF(전년)'!$C:$C,요약!$C49) -> 237793520 | L49: =IFERROR(I49/K49-1,"") -> 0.2367395 | M49: 313915040 | N49: =IFERROR(M49-I49,"") -> 19826400 | O49: 76100000 | P49: =IFERROR(W49-O49,"") -> -19826400 | Q49: =SUMIFS('RF(당년)'!$BF:$BF,'RF(당년)'!$B:$B,요약!$A49,'RF(당년)'!$C:$C,요약!$C49,'RF(당년)'!$D:$D,요약!$E$43) -> 217988640 | R49: =SUMIFS('RF(전년)'!$BF:$BF,'RF(전년)'!$B:$B,요약!$A49,'RF(전년)'!$C:$C,요약!$C49,'RF(전년)'!$D:$D,요약!$E$43) -> 197878400 | S49: =IFERROR(Q49/R49-1,"") -> 0.10162928 | T49: =SUMIFS('RF(당년)'!AZ:AZ,'RF(당년)'!$B:$B,요약!$A49,'RF(당년)'!$C:$C,요약!$C49,'RF(당년)'!$D:$D,요약!$E$43) -> 49347840 | U49: =SUMIFS('RF(당년)'!BA:BA,'RF(당년)'!$B:$B,요약!$A49,'RF(당년)'!$C:$C,요약!$C49,'RF(당년)'!$D:$D,요약!$E$43) -> 59848000 | V49: =SUMIFS('RF(당년)'!BB:BB,'RF(당년)'!$B:$B,요약!$A49,'RF(당년)'!$C:$C,요약!$C49,'RF(당년)'!$D:$D,요약!$E$43) -> 52519200 | W49: =SUMIFS('RF(당년)'!BC:BC,'RF(당년)'!$B:$B,요약!$A49,'RF(당년)'!$C:$C,요약!$C49,'RF(당년)'!$D:$D,요약!$E$43) -> 56273600 | X49: 76100000 | Z49: =SUMIFS('RF(전년)'!AZ:AZ,'RF(전년)'!$B:$B,요약!$A49,'RF(전년)'!$C:$C,요약!$C49,'RF(전년)'!$D:$D,요약!$E$43) -> 27478400 | AA49: =SUMIFS('RF(전년)'!BA:BA,'RF(전년)'!$B:$B,요약!$A49,'RF(전년)'!$C:$C,요약!$C49,'RF(전년)'!$D:$D,요약!$E$43) -> 62224000 | AB49: =SUMIFS('RF(전년)'!BB:BB,'RF(전년)'!$B:$B,요약!$A49,'RF(전년)'!$C:$C,요약!$C49,'RF(전년)'!$D:$D,요약!$E$43) -> 41684800 | AC49: =SUMIFS('RF(전년)'!BC:BC,'RF(전년)'!$B:$B,요약!$A49,'RF(전년)'!$C:$C,요약!$C49,'RF(전년)'!$D:$D,요약!$E$43) -> 65908000 | AD49: =SUMIFS('RF(전년)'!BD:BD,'RF(전년)'!$B:$B,요약!$A49,'RF(전년)'!$C:$C,요약!$C49,'RF(전년)'!$D:$D,요약!$E$43) -> 50059840 | AE49: =IFERROR(T49-Z49,"") -> 21869440 | AF49: =IFERROR(U49-AA49,"") -> -2376000 | AG49: =IFERROR(V49-AB49,"") -> 10834400 | AH49: =IFERROR(W49-AC49,"") -> -9634400 | AI49: =IFERROR(X49-AD49,"") -> 26040160 | AJ49: =IFERROR(T49/Z49-1,"") -> 0.79587749 | AK49: =IFERROR(U49/AA49-1,"") -> -0.038184623 | AL49: =IFERROR(V49/AB49-1,"") -> 0.25991249 | AM49: =IFERROR(W49/AC49-1,"") -> -0.14617952 | AN49: =IFERROR(X49/AD49-1,"") -> 0.52018065 | AU49: =SUMIFS('RF(당년)'!CA:CA,'RF(당년)'!$B:$B,요약!$A49,'RF(당년)'!$C:$C,요약!$C49,'RF(당년)'!$D:$D,요약!$E$43) -> 0
A50: =A49 -> 리테일채널팀 | B50: 국내 | C50: 상설(위탁) | G50: 상설(위탁) | H50: 0 | I50: =SUM(T50,U50,V50,W50,X50) -> 0 | J50: =IFERROR(I50/$H50,"") | K50: =SUMIFS('단체(전년마감)'!$Y:$Y,'단체(전년마감)'!$B:$B,요약!$A50,'단체(전년마감)'!$C:$C,요약!$B50,'단체(전년마감)'!$D:$D,요약!$C50) -> 0 | L50: =IFERROR(I50/K50-1,"") | M50: 0 | P50: =IFERROR(W50-O50,"") -> 0 | Q50: =SUMIFS('단체(당년)'!$Y:$Y,'단체(당년)'!$B:$B,요약!$A50,'단체(당년)'!$C:$C,요약!$B50,'단체(당년)'!$D:$D,요약!$C50) -> 0 | R50: =SUMIFS('단체(전년-동일자)'!$Y:$Y,'단체(전년-동일자)'!$B:$B,요약!$A50,'단체(전년-동일자)'!$C:$C,요약!$B50,'단체(전년-동일자)'!$D:$D,요약!$C50) -> 0 | S50: =IFERROR(Q50/R50-1,"") | T50: =SUMIFS('단체(당년)'!$Y:$Y,'단체(당년)'!$B:$B,$A50,'단체(당년)'!$C:$C,$B50,'단체(당년)'!$D:$D,$C50,'단체(당년)'!$A:$A,T$1) -> 0 | U50: =SUMIFS('단체(당년)'!$Y:$Y,'단체(당년)'!$B:$B,$A50,'단체(당년)'!$C:$C,$B50,'단체(당년)'!$D:$D,$C50,'단체(당년)'!$A:$A,U$1) -> 0 | V50: =SUMIFS('단체(당년)'!$Y:$Y,'단체(당년)'!$B:$B,$A50,'단체(당년)'!$C:$C,$B50,'단체(당년)'!$D:$D,$C50,'단체(당년)'!$A:$A,V$1) -> 0 | W50: =SUMIFS('단체(당년)'!$Y:$Y,'단체(당년)'!$B:$B,$A50,'단체(당년)'!$C:$C,$B50,'단체(당년)'!$D:$D,$C50,'단체(당년)'!$A:$A,W$1) -> 0 | Z50: =SUMIFS('단체(전년)'!$Y:$Y,'단체(전년)'!$B:$B,$A50,'단체(전년)'!$C:$C,$B50,'단체(전년)'!$D:$D,$C50,'단체(전년)'!$A:$A,T$1) -> 0 | AA50: =SUMIFS('단체(전년)'!$Y:$Y,'단체(전년)'!$B:$B,$A50,'단체(전년)'!$C:$C,$B50,'단체(전년)'!$D:$D,$C50,'단체(전년)'!$A:$A,U$1) -> 0 | AB50: =SUMIFS('단체(전년)'!$Y:$Y,'단체(전년)'!$B:$B,$A50,'단체(전년)'!$C:$C,$B50,'단체(전년)'!$D:$D,$C50,'단체(전년)'!$A:$A,V$1) -> 0 | AC50: =SUMIFS('단체(전년)'!$Y:$Y,'단체(전년)'!$B:$B,$A50,'단체(전년)'!$C:$C,$B50,'단체(전년)'!$D:$D,$C50,'단체(전년)'!$A:$A,W$1) -> 0 | AD50: =SUMIFS('단체(전년)'!$Y:$Y,'단체(전년)'!$B:$B,$A50,'단체(전년)'!$C:$C,$B50,'단체(전년)'!$D:$D,$C50,'단체(전년)'!$A:$A,X$1) -> 0 | AE50: =IFERROR(T50-Z50,"") -> 0 | AF50: =IFERROR(U50-AA50,"") -> 0 | AG50: =IFERROR(V50-AB50,"") -> 0 | AH50: =IFERROR(W50-AC50,"") -> 0 | AI50: =IFERROR(X50-AD50,"") -> 0 | AJ50: =IFERROR(T50/Z50-1,"") | AK50: =IFERROR(U50/AA50-1,"") | AL50: =IFERROR(V50/AB50-1,"") | AM50: =IFERROR(W50/AC50-1,"") | AN50: =IFERROR(X50/AD50-1,"") | AU50: =SUMIFS('단체(당년)'!$Y:$Y,'단체(당년)'!$B:$B,$A50,'단체(당년)'!$C:$C,$B50,'단체(당년)'!$D:$D,$C50,'단체(당년)'!$A:$A,AU$1) -> 0
A51: 리테일채널팀 | C51: 직영점 | G51: 직영점 | H51: =SUM(H52:H53) -> 373650000 | I51: =SUM(T51,U51,V51,W51,X51) -> 256409500 | J51: =IFERROR(I51/$H51,"") -> 0.68622909 | K51: =SUM(K52:K53) -> 343981400 | L51: =IFERROR(I51/K51-1,"") -> -0.25458324 | M51: 403000500 | N51: =IFERROR(M51-I51,"") -> 146591000 | O51: 146591000 | P51: =IFERROR(W51-O51,"") -> -146591000 | Q51: =SUM(Q52:Q53) -> 128908500 | R51: =SUM(R52:R53) -> 293858600 | S51: =IFERROR(Q51/R51-1,"") -> -0.56132473 | T51: =SUM(T52:T53) -> 77281050 | U51: =SUM(U52:U53) -> 26100340 | V51: =SUM(V52:V53) -> 25527110 | W51: =SUM(W52:W53) -> 0 | X51: =SUM(X52:X53) -> 127501000 | Z51: =SUM(Z52:Z53) -> 0 | AA51: =SUM(AA52:AA53) -> 81527600 | AB51: =SUM(AB52:AB53) -> 136989300 | AC51: =SUM(AC52:AC53) -> 68813500 | AD51: =SUM(AD52:AD53) -> 56602000 | AE51: =IFERROR(T51-Z51,"") -> 77281050 | AF51: =IFERROR(U51-AA51,"") -> -55427260 | AG51: =IFERROR(V51-AB51,"") -> -111462190 | AH51: =IFERROR(W51-AC51,"") -> -68813500 | AI51: =IFERROR(X51-AD51,"") -> 70899000 | AJ51: =IFERROR(T51/Z51-1,"") | AK51: =IFERROR(U51/AA51-1,"") -> -0.67985885 | AL51: =IFERROR(V51/AB51-1,"") -> -0.81365618 | AM51: =IFERROR(W51/AC51-1,"") -> -1 | AN51: =IFERROR(X51/AD51-1,"") -> 1.2525882 | AU51: =SUM(AU52:AU53) -> 0
A52: =A51 -> 리테일채널팀 | B52: 국내 | C52: 직영점 | G52: 국내 | H52: 0 | I52: =SUM(T52,U52,V52,W52,X52) -> 0 | J52: =IFERROR(I52/$H52,"") | K52: =SUMIFS('단체(전년마감)'!$Y:$Y,'단체(전년마감)'!$B:$B,요약!$A52,'단체(전년마감)'!$C:$C,요약!$B52,'단체(전년마감)'!$D:$D,요약!$C52) -> 0 | L52: =IFERROR(I52/K52-1,"") | M52: 0 | N52: =IFERROR(M52-I52,"") -> 0 | O52: 0 | P52: =IFERROR(W52-O52,"") -> 0 | Q52: =SUMIFS('단체(당년)'!$Y:$Y,'단체(당년)'!$B:$B,요약!$A52,'단체(당년)'!$C:$C,요약!$B52,'단체(당년)'!$D:$D,요약!$C52) -> 0 | R52: =SUMIFS('단체(전년-동일자)'!$Y:$Y,'단체(전년-동일자)'!$B:$B,요약!$A52,'단체(전년-동일자)'!$C:$C,요약!$B52,'단체(전년-동일자)'!$D:$D,요약!$C52) -> 0 | S52: =IFERROR(Q52/R52-1,"") | T52: =SUMIFS('단체(당년)'!$Y:$Y,'단체(당년)'!$B:$B,$A52,'단체(당년)'!$C:$C,$B52,'단체(당년)'!$D:$D,$C52,'단체(당년)'!$A:$A,T$1) -> 0 | U52: =SUMIFS('단체(당년)'!$Y:$Y,'단체(당년)'!$B:$B,$A52,'단체(당년)'!$C:$C,$B52,'단체(당년)'!$D:$D,$C52,'단체(당년)'!$A:$A,U$1) -> 0 | V52: =SUMIFS('단체(당년)'!$Y:$Y,'단체(당년)'!$B:$B,$A52,'단체(당년)'!$C:$C,$B52,'단체(당년)'!$D:$D,$C52,'단체(당년)'!$A:$A,V$1) -> 0 | W52: =SUMIFS('단체(당년)'!$Y:$Y,'단체(당년)'!$B:$B,$A52,'단체(당년)'!$C:$C,$B52,'단체(당년)'!$D:$D,$C52,'단체(당년)'!$A:$A,W$1) -> 0 | X52: 0 | Z52: =SUMIFS('단체(전년)'!$Y:$Y,'단체(전년)'!$B:$B,$A52,'단체(전년)'!$C:$C,$B52,'단체(전년)'!$D:$D,$C52,'단체(전년)'!$A:$A,T$1) -> 0 | AA52: =SUMIFS('단체(전년)'!$Y:$Y,'단체(전년)'!$B:$B,$A52,'단체(전년)'!$C:$C,$B52,'단체(전년)'!$D:$D,$C52,'단체(전년)'!$A:$A,U$1) -> 0 | AB52: =SUMIFS('단체(전년)'!$Y:$Y,'단체(전년)'!$B:$B,$A52,'단체(전년)'!$C:$C,$B52,'단체(전년)'!$D:$D,$C52,'단체(전년)'!$A:$A,V$1) -> 0 | AC52: =SUMIFS('단체(전년)'!$Y:$Y,'단체(전년)'!$B:$B,$A52,'단체(전년)'!$C:$C,$B52,'단체(전년)'!$D:$D,$C52,'단체(전년)'!$A:$A,W$1) -> 0 | AD52: =SUMIFS('단체(전년)'!$Y:$Y,'단체(전년)'!$B:$B,$A52,'단체(전년)'!$C:$C,$B52,'단체(전년)'!$D:$D,$C52,'단체(전년)'!$A:$A,X$1) -> 0 | AE52: =IFERROR(T52-Z52,"") -> 0 | AF52: =IFERROR(U52-AA52,"") -> 0 | AG52: =IFERROR(V52-AB52,"") -> 0 | AH52: =IFERROR(W52-AC52,"") -> 0 | AI52: =IFERROR(X52-AD52,"") -> 0 | AJ52: =IFERROR(T52/Z52-1,"") | AK52: =IFERROR(U52/AA52-1,"") | AL52: =IFERROR(V52/AB52-1,"") | AM52: =IFERROR(W52/AC52-1,"") | AN52: =IFERROR(X52/AD52-1,"") | AU52: =SUMIFS('단체(당년)'!$Y:$Y,'단체(당년)'!$B:$B,$A52,'단체(당년)'!$C:$C,$B52,'단체(당년)'!$D:$D,$C52,'단체(당년)'!$A:$A,AU$1) -> 0
A53: =A52 -> 리테일채널팀 | B53: RF | C53: 직영점 | G53: RF | H53: 373650000 | I53: =SUM(T53,U53,V53,W53,X53) -> 256409500 | J53: =IFERROR(I53/$H53,"") -> 0.68622909 | K53: =SUMIFS('RF(전년)'!$BG:$BG,'RF(전년)'!$B:$B,요약!$A53,'RF(전년)'!$D:$D,요약!$E$43,'RF(전년)'!$C:$C,요약!$C53) -> 343981400 | L53: =IFERROR(I53/K53-1,"") -> -0.25458324 | M53: 403000500 | N53: =IFERROR(M53-I53,"") -> 146591000 | O53: 146591000 | P53: =IFERROR(W53-O53,"") -> -146591000 | Q53: =SUMIFS('RF(당년)'!$BF:$BF,'RF(당년)'!$B:$B,요약!$A53,'RF(당년)'!$C:$C,요약!$C53,'RF(당년)'!$D:$D,요약!$E$43) -> 128908500 | R53: =SUMIFS('RF(전년)'!$BF:$BF,'RF(전년)'!$B:$B,요약!$A53,'RF(전년)'!$C:$C,요약!$C53,'RF(전년)'!$D:$D,요약!$E$43) -> 293858600 | S53: =IFERROR(Q53/R53-1,"") -> -0.56132473 | T53: =SUMIFS('RF(당년)'!AZ:AZ,'RF(당년)'!$B:$B,요약!$A53,'RF(당년)'!$C:$C,요약!$C53,'RF(당년)'!$D:$D,요약!$E$43) -> 77281050 | U53: =SUMIFS('RF(당년)'!BA:BA,'RF(당년)'!$B:$B,요약!$A53,'RF(당년)'!$C:$C,요약!$C53,'RF(당년)'!$D:$D,요약!$E$43) -> 26100340 | V53: =SUMIFS('RF(당년)'!BB:BB,'RF(당년)'!$B:$B,요약!$A53,'RF(당년)'!$C:$C,요약!$C53,'RF(당년)'!$D:$D,요약!$E$43) -> 25527110 | W53: =SUMIFS('RF(당년)'!BC:BC,'RF(당년)'!$B:$B,요약!$A53,'RF(당년)'!$C:$C,요약!$C53,'RF(당년)'!$D:$D,요약!$E$43) -> 0 | X53: 127501000 | Z53: =SUMIFS('RF(전년)'!AZ:AZ,'RF(전년)'!$B:$B,요약!$A53,'RF(전년)'!$C:$C,요약!$C53,'RF(전년)'!$D:$D,요약!$E$43) -> 0 | AA53: =SUMIFS('RF(전년)'!BA:BA,'RF(전년)'!$B:$B,요약!$A53,'RF(전년)'!$C:$C,요약!$C53,'RF(전년)'!$D:$D,요약!$E$43) -> 81527600 | AB53: =SUMIFS('RF(전년)'!BB:BB,'RF(전년)'!$B:$B,요약!$A53,'RF(전년)'!$C:$C,요약!$C53,'RF(전년)'!$D:$D,요약!$E$43) -> 136989300 | AC53: =SUMIFS('RF(전년)'!BC:BC,'RF(전년)'!$B:$B,요약!$A53,'RF(전년)'!$C:$C,요약!$C53,'RF(전년)'!$D:$D,요약!$E$43) -> 68813500 | AD53: =SUMIFS('RF(전년)'!BD:BD,'RF(전년)'!$B:$B,요약!$A53,'RF(전년)'!$C:$C,요약!$C53,'RF(전년)'!$D:$D,요약!$E$43) -> 56602000 | AE53: =IFERROR(T53-Z53,"") -> 77281050 | AF53: =IFERROR(U53-AA53,"") -> -55427260 | AG53: =IFERROR(V53-AB53,"") -> -111462190 | AH53: =IFERROR(W53-AC53,"") -> -68813500 | AI53: =IFERROR(X53-AD53,"") -> 70899000 | AJ53: =IFERROR(T53/Z53-1,"") | AK53: =IFERROR(U53/AA53-1,"") -> -0.67985885 | AL53: =IFERROR(V53/AB53-1,"") -> -0.81365618 | AM53: =IFERROR(W53/AC53-1,"") -> -1 | AN53: =IFERROR(X53/AD53-1,"") -> 1.2525882 | AU53: =SUMIFS('RF(당년)'!CA:CA,'RF(당년)'!$B:$B,요약!$A53,'RF(당년)'!$C:$C,요약!$C53,'RF(당년)'!$D:$D,요약!$E$43) -> 0
A54: E-biz | B54: * | C54: * | G54: 온라인 | H54: 0 | I54: =SUM(T54,U54,V54,W54,X54) -> 0 | J54: =IFERROR(I54/$H54,"") | K54: 0 | L54: =IFERROR(I54/K54-1,"") | M54: 0 | N54: =IFERROR(M54-I54,"") -> 0 | O54: 0 | P54: =IFERROR(W54-O54,"") -> 0 | Q54: =SUMIFS('단체(당년)'!$Y:$Y,'단체(당년)'!$B:$B,요약!$A54,'단체(당년)'!$C:$C,요약!$B54,'단체(당년)'!$D:$D,요약!$C54) -> 0 | R54: =SUMIFS('단체(전년-동일자)'!$Y:$Y,'단체(전년-동일자)'!$B:$B,요약!$A54,'단체(전년-동일자)'!$C:$C,요약!$B54,'단체(전년-동일자)'!$D:$D,요약!$C54) -> 0 | S54: =IFERROR(Q54/R54-1,"") | T54: 0 | U54: 0 | V54: 0 | W54: 0 | X54: 0 | Z54: =SUMIFS('단체(당년)'!$AF:$AF,'단체(당년)'!$B:$B,$A54,'단체(당년)'!$C:$C,$B54,'단체(당년)'!$D:$D,$C54,'단체(당년)'!$A:$A,Z$1) -> 0 | AA54: =SUMIFS('단체(당년)'!$AF:$AF,'단체(당년)'!$B:$B,$A54,'단체(당년)'!$C:$C,$B54,'단체(당년)'!$D:$D,$C54,'단체(당년)'!$A:$A,AA$1) -> 0 | AB54: =SUMIFS('단체(당년)'!$AF:$AF,'단체(당년)'!$B:$B,$A54,'단체(당년)'!$C:$C,$B54,'단체(당년)'!$D:$D,$C54,'단체(당년)'!$A:$A,AB$1) -> 0 | AC54: =SUMIFS('단체(당년)'!$AF:$AF,'단체(당년)'!$B:$B,$A54,'단체(당년)'!$C:$C,$B54,'단체(당년)'!$D:$D,$C54,'단체(당년)'!$A:$A,AC$1) -> 0 | AD54: =SUMIFS('단체(당년)'!$AF:$AF,'단체(당년)'!$B:$B,$A54,'단체(당년)'!$C:$C,$B54,'단체(당년)'!$D:$D,$C54,'단체(당년)'!$A:$A,AD$1) -> 0 | AE54: =IFERROR(T54-Z54,"") -> 0 | AF54: =IFERROR(U54-AA54,"") -> 0 | AG54: =IFERROR(V54-AB54,"") -> 0 | AH54: =IFERROR(W54-AC54,"") -> 0 | AI54: =IFERROR(X54-AD54,"") -> 0 | AJ54: =IFERROR(T54/Z54-1,"") | AK54: =IFERROR(U54/AA54-1,"") | AL54: =IFERROR(V54/AB54-1,"") | AM54: =IFERROR(W54/AC54-1,"") | AN54: =IFERROR(X54/AD54-1,"") | AU54: 0
I56: =I44+I31 -> 9468121580 | K56: =K44+K31 -> 8424280990 | L56: =IFERROR(I56/K56-1,"") -> 0.12390857 | T56: =T47+T51 -> 459724890 | U56: =U47+U51 -> 588096140 | V56: =V47+V51 -> 482010060 | W56: =W47+W51 -> 298614958 | X56: =X47+X51 -> 305101000 | AA56: 승명과장님이 만든 단체 데이터로 주차별 금액 입력
H57: 400000000 | I57: =I34+I47 -> 6424386246 | K57: =K34+K47 -> 5619663820 | L57: =IFERROR(I57/K57-1,"") -> 0.14319761 | W57: 115350000 | X57: 122000000 | AA57: 40주차 / 44주차는 전체매출 x 단체비중
I58: =I51+I38 -> 3377798500 | K58: =K51+K38 -> 2562172310 | L58: =IFERROR(I58/K58-1,"") -> 0.31833386
G61: 백화점 | H61: 7060000000 | K61: =K47+K51 -> 1410178902
G62: 대리점 | H62: 4800000000
G63: 백RF | H63: 570000000 | J63: =SUM(Z33:AD33) -> 156987800
G64: 대RF | H64: 570000000 | I64: 0.55 | J64: =SUM(Z46:AD46) -> 542248230

Sheet 일자별
E1: 파트너채널팀 | F1: =E1 -> 파트너채널팀 | G1: =F1 -> 파트너채널팀 | H1: =G1 -> 파트너채널팀 | I1: =H1 -> 파트너채널팀 | J1: 리테일채널팀 | K1: =J1 -> 리테일채널팀 | L1: =K1 -> 리테일채널팀 | M1: =L1 -> 리테일채널팀 | N1: =M1 -> 리테일채널팀 | O1: E-biz | P1: =O1 -> E-biz | Q1: =P1 -> E-biz | R1: =Q1 -> E-biz | S1: =R1 -> E-biz | Z1: 파트너채널팀 | AA1: =Z1 -> 파트너채널팀 | AB1: =AA1 -> 파트너채널팀 | AC1: =AB1 -> 파트너채널팀 | AD1: =AC1 -> 파트너채널팀
G2: 국내 | H2: 국내 | L2: 국내 | M2: 국내 | AB2: 면세 | AC2: 면세
G3: RF | H3: RF | L3: RF | M3: RF | AB3: 도매 | AC3: 도매
E5: 파트너채널팀(백화점) | J5: 리테일채널팀 | O5: 온라인 | T5: 국내+RF | Z5: 면세+도매 | AF5: MLB
C6: 금년 | D6: 동요일기준 | E6: 목표 | F6: FCST | G6: ACTUAL | H6: 전년 | I6: YOY | J6: 목표 | K6: FCST | L6: ACTUAL | M6: 전년 | N6: YOY | O6: 목표 | P6: FCST | Q6: ACTUAL | R6: 전년 | S6: YOY | T6: 목표 | U6: FCST | V6: ACTUAL | W6: 전년 | X6: YOY | Z6: 목표 | AA6: FCST | AB6: ACTUAL | AC6: 전년 | AD6: YOY | AF6: 목표 | AG6: FCST | AH6: ACTUAL | AI6: 전년 | AJ6: YOY
A7: P:P | C7: 토 | D7: 45962 | E7: =ROUND(E$40*H8/SUM(H$8:H$37,H$47),-6) -> 685000000 | G7: =SUMIFS(INDIRECT("당년!"&$A7),당년!$A:$A,G$1,당년!$B:$B,G$2)+SUMIFS(INDIRECT("당년!"&$A7),당년!$A:$A,G$1,당년!$B:$B,G$3) -> 427008030 | H7: =SUMIFS(INDIRECT("전년!"&$A7),전년!$A:$A,H$1,전년!$B:$B,H$2)+SUMIFS(INDIRECT("전년!"&$A7),전년!$A:$A,H$1,전년!$B:$B,H$3) -> 244553000 | I7: =IFERROR(G7/H7-1,"") -> 0.74607562 | J7: =ROUND(J$40*M8/SUM(M$8:M$37,M$47),-6) -> 372000000 | L7: =SUMIFS(INDIRECT("당년!"&$A7),당년!$A:$A,L$1,당년!$B:$B,L$2)+SUMIFS(INDIRECT("당년!"&$A7),당년!$A:$A,L$1,당년!$B:$B,L$3) -> 681123906 | M7: =SUMIFS(INDIRECT("전년!"&$A7),전년!$A:$A,M$1,전년!$B:$B,M$2)+SUMIFS(INDIRECT("전년!"&$A7),전년!$A:$A,M$1,전년!$B:$B,M$3) -> 197096425 | N7: =IFERROR(L7/M7-1,"") -> 2.4557903 | O7: =ROUND(O$40*R8/SUM(R$8:R$37,R$47),-6) -> 24000000 | P7: 153523110 | Q7: =SUMIFS(INDIRECT("당년!"&$A7),당년!$A:$A,Q$1) -> 35260440 | R7: =SUMIFS(INDIRECT("전년!"&$A7),전년!$A:$A,R$1) -> 73314309 | S7: =IFERROR(Q7/R7-1,"") -> -0.51905105 | T7: =SUM(E7,J7,O7) -> 1081000000 | U7: =SUM(F7,K7,P7) -> 153523110 | V7: =SUM(G7,L7,Q7) -> 1143392376 | W7: =SUM(H7,M7,R7) -> 514963734 | X7: =IFERROR(V7/W7-1,"") -> 1.2203357 | Z7: =ROUND(Z$40*AC8/SUM(AC$8:AC$37,AC$47),-6) -> 451000000 | AA7: 263654100 | AB7: =SUMIFS(INDIRECT("당년!"&$A7),당년!$A:$A,AB$1,당년!$B:$B,AB$2)+SUMIFS(INDIRECT("당년!"&$A7),당년!$A:$A,AB$1,당년!$B:$B,AB$3) -> 478121600 | AC7: =SUMIFS(INDIRECT("전년!"&$A7),전년!$A:$A,AC$1,전년!$B:$B,AC$2)+SUMIFS(INDIRECT("전년!"&$A7),전년!$A:$A,AC$1,전년!$B:$B,AC$3) -> 405294400 | AD7: =IFERROR(AB7/AC7-1,"") -> 0.17968963 | AF7: =SUM(T7,Z7) -> 1532000000 | AG7: =SUM(U7,AA7) -> 417177210 | AH7: =SUM(V7,AB7) -> 1621513976 | AI7: =SUM(W7,AC7) -> 920258134 | AJ7: =IFERROR(AH7/AI7-1,"") -> 0.7620208
A8: Q:Q | C8: 일 | D8: =D7+1 -> 45963 | E8: =ROUND(E$40*H9/SUM(H$8:H$37,H$47),-6) -> 768000000 | G8: =SUMIFS(INDIRECT("당년!"&$A8),당년!$A:$A,G$1,당년!$B:$B,G$2)+SUMIFS(INDIRECT("당년!"&$A8),당년!$A:$A,G$1,당년!$B:$B,G$3) -> 600017030 | H8: =SUMIFS(INDIRECT("전년!"&$A8),전년!$A:$A,H$1,전년!$B:$B,H$2)+SUMIFS(INDIRECT("전년!"&$A8),전년!$A:$A,H$1,전년!$B:$B,H$3) -> 296917110 | I8: =IFERROR(G8/H8-1,"") -> 1.0208234 | J8: =ROUND(J$40*M9/SUM(M$8:M$37,M$47),-6) -> 366000000 | L8: =SUMIFS(INDIRECT("당년!"&$A8),당년!$A:$A,L$1,당년!$B:$B,L$2)+SUMIFS(INDIRECT("당년!"&$A8),당년!$A:$A,L$1,당년!$B:$B,L$3) -> 536227357 | M8: =SUMIFS(INDIRECT("전년!"&$A8),전년!$A:$A,M$1,전년!$B:$B,M$2)+SUMIFS(INDIRECT("전년!"&$A8),전년!$A:$A,M$1,전년!$B:$B,M$3) -> 324298464 | N8: =IFERROR(L8/M8-1,"") -> 0.65349953 | O8: =ROUND(O$40*R9/SUM(R$8:R$37,R$47),-6) -> 25000000 | P8: 62882530 | Q8: =SUMIFS(INDIRECT("당년!"&$A8),당년!$A:$A,Q$1) -> 128903030 | R8: =SUMIFS(INDIRECT("전년!"&$A8),전년!$A:$A,R$1) -> 21968950 | S8: =IFERROR(Q8/R8-1,"") -> 4.8675098 | T8: =SUM(E8,J8,O8) -> 1159000000 | U8: =SUM(F8,K8,P8) -> 62882530 | V8: =SUM(G8,L8,Q8) -> 1265147417 | W8: =SUM(H8,M8,R8) -> 643184524 | X8: =IFERROR(V8/W8-1,"") -> 0.96700538 | Z8: =ROUND(Z$40*AC9/SUM(AC$8:AC$37,AC$47),-6) -> 236000000 | AA8: 300748000 | AB8: =SUMIFS(INDIRECT("당년!"&$A8),당년!$A:$A,AB$1,당년!$B:$B,AB$2)+SUMIFS(INDIRECT("당년!"&$A8),당년!$A:$A,AB$1,당년!$B:$B,AB$3) -> 193710400 | AC8: =SUMIFS(INDIRECT("전년!"&$A8),전년!$A:$A,AC$1,전년!$B:$B,AC$2)+SUMIFS(INDIRECT("전년!"&$A8),전년!$A:$A,AC$1,전년!$B:$B,AC$3) -> 452768700 | AD8: =IFERROR(AB8/AC8-1,"") -> -0.57216477 | AF8: =SUM(T8,Z8) -> 1395000000 | AG8: =SUM(U8,AA8) -> 363630530 | AH8: =SUM(V8,AB8) -> 1458857817 | AI8: =SUM(W8,AC8) -> 1095953224 | AJ8: =IFERROR(AH8/AI8-1,"") -> 0.33113146
A9: R:R | C9: 월 | D9: =D8+1 -> 45964 | E9: =ROUND(E$40*H10/SUM(H$8:H$37,H$47),-6) -> 418000000 | G9: =SUMIFS(INDIRECT("당년!"&$A9),당년!$A:$A,G$1,당년!$B:$B,G$2)+SUMIFS(INDIRECT("당년!"&$A9),당년!$A:$A,G$1,당년!$B:$B,G$3) -> 99801900 | H9: =SUMIFS(INDIRECT("전년!"&$A9),전년!$A:$A,H$1,전년!$B:$B,H$2)+SUMIFS(INDIRECT("전년!"&$A9),전년!$A:$A,H$1,전년!$B:$B,H$3) -> 332906020 | I9: =IFERROR(G9/H9-1,"") -> -0.70020999 | J9: =ROUND(J$40*M10/SUM(M$8:M$37,M$47),-6) -> 330000000 | L9: =SUMIFS(INDIRECT("당년!"&$A9),당년!$A:$A,L$1,당년!$B:$B,L$2)+SUMIFS(INDIRECT("당년!"&$A9),당년!$A:$A,L$1,당년!$B:$B,L$3) -> 344575766 | M9: =SUMIFS(INDIRECT("전년!"&$A9),전년!$A:$A,M$1,전년!$B:$B,M$2)+SUMIFS(INDIRECT("전년!"&$A9),전년!$A:$A,M$1,전년!$B:$B,M$3) -> 319121478 | N9: =IFERROR(L9/M9-1,"") -> 0.079763632 | O9: =ROUND(O$40*R10/SUM(R$8:R$37,R$47),-6) -> 182000000 | P9: 60717900 | Q9: =SUMIFS(INDIRECT("당년!"&$A9),당년!$A:$A,Q$1) -> 167168931 | R9: =SUMIFS(INDIRECT("전년!"&$A9),전년!$A:$A,R$1) -> 23428900 | S9: =IFERROR(Q9/R9-1,"") -> 6.1351592 | T9: =SUM(E9,J9,O9) -> 930000000 | U9: =SUM(F9,K9,P9) -> 60717900 | V9: =SUM(G9,L9,Q9) -> 611546597 | W9: =SUM(H9,M9,R9) -> 675456398 | X9: =IFERROR(V9/W9-1,"") -> -0.094617212 | Z9: =ROUND(Z$40*AC10/SUM(AC$8:AC$37,AC$47),-6) -> 450000000 | AA9: 268628700 | AB9: =SUMIFS(INDIRECT("당년!"&$A9),당년!$A:$A,AB$1,당년!$B:$B,AB$2)+SUMIFS(INDIRECT("당년!"&$A9),당년!$A:$A,AB$1,당년!$B:$B,AB$3) -> 105866000 | AC9: =SUMIFS(INDIRECT("전년!"&$A9),전년!$A:$A,AC$1,전년!$B:$B,AC$2)+SUMIFS(INDIRECT("전년!"&$A9),전년!$A:$A,AC$1,전년!$B:$B,AC$3) -> 236559700 | AD9: =IFERROR(AB9/AC9-1,"") -> -0.55247661 | AF9: =SUM(T9,Z9) -> 1380000000 | AG9: =SUM(U9,AA9) -> 329346600 | AH9: =SUM(V9,AB9) -> 717412597 | AI9: =SUM(W9,AC9) -> 912016098 | AJ9: =IFERROR(AH9/AI9-1,"") -> -0.21337727
A10: S:S | C10: 화 | D10: =D9+1 -> 45965 | E10: =ROUND(E$40*H11/SUM(H$8:H$37,H$47),-6) -> 607000000 | G10: =SUMIFS(INDIRECT("당년!"&$A10),당년!$A:$A,G$1,당년!$B:$B,G$2)+SUMIFS(INDIRECT("당년!"&$A10),당년!$A:$A,G$1,당년!$B:$B,G$3) -> 180435000 | H10: =SUMIFS(INDIRECT("전년!"&$A10),전년!$A:$A,H$1,전년!$B:$B,H$2)+SUMIFS(INDIRECT("전년!"&$A10),전년!$A:$A,H$1,전년!$B:$B,H$3) -> 181309700 | I10: =IFERROR(G10/H10-1,"") -> -0.004824342 | J10: =ROUND(J$40*M11/SUM(M$8:M$37,M$47),-6) -> 318000000 | L10: =SUMIFS(INDIRECT("당년!"&$A10),당년!$A:$A,L$1,당년!$B:$B,L$2)+SUMIFS(INDIRECT("당년!"&$A10),당년!$A:$A,L$1,당년!$B:$B,L$3) -> 416354896 | M10: =SUMIFS(INDIRECT("전년!"&$A10),전년!$A:$A,M$1,전년!$B:$B,M$2)+SUMIFS(INDIRECT("전년!"&$A10),전년!$A:$A,M$1,전년!$B:$B,M$3) -> 288292087 | N10: =IFERROR(L10/M10-1,"") -> 0.44421202 | O10: =ROUND(O$40*R11/SUM(R$8:R$37,R$47),-6) -> 103000000 | P10: 57724500 | Q10: =SUMIFS(INDIRECT("당년!"&$A10),당년!$A:$A,Q$1) -> 114329499 | R10: =SUMIFS(INDIRECT("전년!"&$A10),전년!$A:$A,R$1) -> 167421990 | S10: =IFERROR(Q10/R10-1,"") -> -0.31711779 | T10: =SUM(E10,J10,O10) -> 1028000000 | U10: =SUM(F10,K10,P10) -> 57724500 | V10: =SUM(G10,L10,Q10) -> 711119395 | W10: =SUM(H10,M10,R10) -> 637023777 | X10: =IFERROR(V10/W10-1,"") -> 0.11631531 | Z10: =ROUND(Z$40*AC11/SUM(AC$8:AC$37,AC$47),-6) -> 457000000 | AA10: 654929230 | AB10: =SUMIFS(INDIRECT("당년!"&$A10),당년!$A:$A,AB$1,당년!$B:$B,AB$2)+SUMIFS(INDIRECT("당년!"&$A10),당년!$A:$A,AB$1,당년!$B:$B,AB$3) -> 123082600 | AC10: =SUMIFS(INDIRECT("전년!"&$A10),전년!$A:$A,AC$1,전년!$B:$B,AC$2)+SUMIFS(INDIRECT("전년!"&$A10),전년!$A:$A,AC$1,전년!$B:$B,AC$3) -> 452319100 | AD10: =IFERROR(AB10/AC10-1,"") -> -0.72788547 | AF10: =SUM(T10,Z10) -> 1485000000 | AG10: =SUM(U10,AA10) -> 712653730 | AH10: =SUM(V10,AB10) -> 834201995 | AI10: =SUM(W10,AC10) -> 1089342877 | AJ10: =IFERROR(AH10/AI10-1,"") -> -0.2342154
A11: T:T | C11: 수 | D11: =D10+1 -> 45966 | E11: =ROUND(E$40*H12/SUM(H$8:H$37,H$47),-6) -> 697000000 | G11: =SUMIFS(INDIRECT("당년!"&$A11),당년!$A:$A,G$1,당년!$B:$B,G$2)+SUMIFS(INDIRECT("당년!"&$A11),당년!$A:$A,G$1,당년!$B:$B,G$3) -> 342298600 | H11: =SUMIFS(INDIRECT("전년!"&$A11),전년!$A:$A,H$1,전년!$B:$B,H$2)+SUMIFS(INDIRECT("전년!"&$A11),전년!$A:$A,H$1,전년!$B:$B,H$3) -> 262932650 | I11: =IFERROR(G11/H11-1,"") -> 0.30184897 | J11: =ROUND(J$40*M12/SUM(M$8:M$37,M$47),-6) -> 271000000 | L11: =SUMIFS(INDIRECT("당년!"&$A11),당년!$A:$A,L$1,당년!$B:$B,L$2)+SUMIFS(INDIRECT("당년!"&$A11),당년!$A:$A,L$1,당년!$B:$B,L$3) -> 305906338 | M11: =SUMIFS(INDIRECT("전년!"&$A11),전년!$A:$A,M$1,전년!$B:$B,M$2)+SUMIFS(INDIRECT("전년!"&$A11),전년!$A:$A,M$1,전년!$B:$B,M$3) -> 277635976 | N11: =IFERROR(L11/M11-1,"") -> 0.10182528 | O11: =ROUND(O$40*R12/SUM(R$8:R$37,R$47),-6) -> 103000000 | P11: 61200000 | Q11: =SUMIFS(INDIRECT("당년!"&$A11),당년!$A:$A,Q$1) -> 100489022 | R11: =SUMIFS(INDIRECT("전년!"&$A11),전년!$A:$A,R$1) -> 95159390 | S11: =IFERROR(Q11/R11-1,"") -> 0.056007421 | T11: =SUM(E11,J11,O11) -> 1071000000 | U11: =SUM(F11,K11,P11) -> 61200000 | V11: =SUM(G11,L11,Q11) -> 748693960 | W11: =SUM(H11,M11,R11) -> 635728016 | X11: =IFERROR(V11/W11-1,"") -> 0.1776954 | Z11: =ROUND(Z$40*AC12/SUM(AC$8:AC$37,AC$47),-6) -> 655000000 | AA11: 465541700 | AB11: =SUMIFS(INDIRECT("당년!"&$A11),당년!$A:$A,AB$1,당년!$B:$B,AB$2)+SUMIFS(INDIRECT("당년!"&$A11),당년!$A:$A,AB$1,당년!$B:$B,AB$3) -> 501848200 | AC11: =SUMIFS(INDIRECT("전년!"&$A11),전년!$A:$A,AC$1,전년!$B:$B,AC$2)+SUMIFS(INDIRECT("전년!"&$A11),전년!$A:$A,AC$1,전년!$B:$B,AC$3) -> 459351900 | AD11: =IFERROR(AB11/AC11-1,"") -> 0.092513604 | AF11: =SUM(T11,Z11) -> 1726000000 | AG11: =SUM(U11,AA11) -> 526741700 | AH11: =SUM(V11,AB11) -> 1250542160 | AI11: =SUM(W11,AC11) -> 1095079916 | AJ11: =IFERROR(AH11/AI11-1,"") -> 0.14196429
A12: U:U | C12: 목 | D12: =D11+1 -> 45967 | E12: =ROUND(E$40*H13/SUM(H$8:H$37,H$47),-6) -> 690000000 | G12: =SUMIFS(INDIRECT("당년!"&$A12),당년!$A:$A,G$1,당년!$B:$B,G$2)+SUMIFS(INDIRECT("당년!"&$A12),당년!$A:$A,G$1,당년!$B:$B,G$3) -> 119090000 | H12: =SUMIFS(INDIRECT("전년!"&$A12),전년!$A:$A,H$1,전년!$B:$B,H$2)+SUMIFS(INDIRECT("전년!"&$A12),전년!$A:$A,H$1,전년!$B:$B,H$3) -> 302036600 | I12: =IFERROR(G12/H12-1,"") -> -0.60571004 | J12: =ROUND(J$40*M13/SUM(M$8:M$37,M$47),-6) -> 292000000 | L12: =SUMIFS(INDIRECT("당년!"&$A12),당년!$A:$A,L$1,당년!$B:$B,L$2)+SUMIFS(INDIRECT("당년!"&$A12),당년!$A:$A,L$1,당년!$B:$B,L$3) -> 226188937 | M12: =SUMIFS(INDIRECT("전년!"&$A12),전년!$A:$A,M$1,전년!$B:$B,M$2)+SUMIFS(INDIRECT("전년!"&$A12),전년!$A:$A,M$1,전년!$B:$B,M$3) -> 236904273 | N12: =IFERROR(L12/M12-1,"") -> -0.045230657 | O12: =ROUND(O$40*R13/SUM(R$8:R$37,R$47),-6) -> 102000000 | P12: 19000000 | Q12: =SUMIFS(INDIRECT("당년!"&$A12),당년!$A:$A,Q$1) -> 84554136 | R12: =SUMIFS(INDIRECT("전년!"&$A12),전년!$A:$A,R$1) -> 95110170 | S12: =IFERROR(Q12/R12-1,"") -> -0.11098744 | T12: =SUM(E12,J12,O12) -> 1084000000 | U12: =SUM(F12,K12,P12) -> 19000000 | V12: =SUM(G12,L12,Q12) -> 429833073 | W12: =SUM(H12,M12,R12) -> 634051043 | X12: =IFERROR(V12/W12-1,"") -> -0.32208443 | Z12: =ROUND(Z$40*AC13/SUM(AC$8:AC$37,AC$47),-6) -> 551000000 | AA12: 138612100 | AB12: =SUMIFS(INDIRECT("당년!"&$A12),당년!$A:$A,AB$1,당년!$B:$B,AB$2)+SUMIFS(INDIRECT("당년!"&$A12),당년!$A:$A,AB$1,당년!$B:$B,AB$3) -> 801495380 | AC12: =SUMIFS(INDIRECT("전년!"&$A12),전년!$A:$A,AC$1,전년!$B:$B,AC$2)+SUMIFS(INDIRECT("전년!"&$A12),전년!$A:$A,AC$1,전년!$B:$B,AC$3) -> 657848260 | AD12: =IFERROR(AB12/AC12-1,"") -> 0.21835905 | AF12: =SUM(T12,Z12) -> 1635000000 | AG12: =SUM(U12,AA12) -> 157612100 | AH12: =SUM(V12,AB12) -> 1231328453 | AI12: =SUM(W12,AC12) -> 1291899303 | AJ12: =IFERROR(AH12/AI12-1,"") -> -0.046885117
A13: V:V | C13: 금 | D13: =D12+1 -> 45968 | E13: =ROUND(E$40*H14/SUM(H$8:H$37,H$47),-6) -> 729000000 | G13: =SUMIFS(INDIRECT("당년!"&$A13),당년!$A:$A,G$1,당년!$B:$B,G$2)+SUMIFS(INDIRECT("당년!"&$A13),당년!$A:$A,G$1,당년!$B:$B,G$3) -> 512635400 | H13: =SUMIFS(INDIRECT("전년!"&$A13),전년!$A:$A,H$1,전년!$B:$B,H$2)+SUMIFS(INDIRECT("전년!"&$A13),전년!$A:$A,H$1,전년!$B:$B,H$3) -> 299002430 | I13: =IFERROR(G13/H13-1,"") -> 0.71448573 | J13: =ROUND(J$40*M14/SUM(M$8:M$37,M$47),-6) -> 231000000 | L13: =SUMIFS(INDIRECT("당년!"&$A13),당년!$A:$A,L$1,당년!$B:$B,L$2)+SUMIFS(INDIRECT("당년!"&$A13),당년!$A:$A,L$1,당년!$B:$B,L$3) -> 296455741 | M13: =SUMIFS(INDIRECT("전년!"&$A13),전년!$A:$A,M$1,전년!$B:$B,M$2)+SUMIFS(INDIRECT("전년!"&$A13),전년!$A:$A,M$1,전년!$B:$B,M$3) -> 255163290 | N13: =IFERROR(L13/M13-1,"") -> 0.16182755 | O13: =ROUND(O$40*R14/SUM(R$8:R$37,R$47),-6) -> 86000000 | P13: 19000000 | Q13: =SUMIFS(INDIRECT("당년!"&$A13),당년!$A:$A,Q$1) -> 74983580 | R13: =SUMIFS(INDIRECT("전년!"&$A13),전년!$A:$A,R$1) -> 93810923 | S13: =IFERROR(Q13/R13-1,"") -> -0.20069457 | T13: =SUM(E13,J13,O13) -> 1046000000 | U13: =SUM(F13,K13,P13) -> 19000000 | V13: =SUM(G13,L13,Q13) -> 884074721 | W13: =SUM(H13,M13,R13) -> 647976643 | X13: =IFERROR(V13/W13-1,"") -> 0.36436202 | Z13: =ROUND(Z$40*AC14/SUM(AC$8:AC$37,AC$47),-6) -> 458000000 | AA13: 103603400 | AB13: =SUMIFS(INDIRECT("당년!"&$A13),당년!$A:$A,AB$1,당년!$B:$B,AB$2)+SUMIFS(INDIRECT("당년!"&$A13),당년!$A:$A,AB$1,당년!$B:$B,AB$3) -> 625923100 | AC13: =SUMIFS(INDIRECT("전년!"&$A13),전년!$A:$A,AC$1,전년!$B:$B,AC$2)+SUMIFS(INDIRECT("전년!"&$A13),전년!$A:$A,AC$1,전년!$B:$B,AC$3) -> 553206316 | AD13: =IFERROR(AB13/AC13-1,"") -> 0.13144605 | AF13: =SUM(T13,Z13) -> 1504000000 | AG13: =SUM(U13,AA13) -> 122603400 | AH13: =SUM(V13,AB13) -> 1509997821 | AI13: =SUM(W13,AC13) -> 1201182959 | AJ13: =IFERROR(AH13/AI13-1,"") -> 0.25709228
A14: W:W | C14: 토 | D14: =D13+1 -> 45969 | E14: =ROUND(E$40*H15/SUM(H$8:H$37,H$47),-6) -> 931000000 | G14: =SUMIFS(INDIRECT("당년!"&$A14),당년!$A:$A,G$1,당년!$B:$B,G$2)+SUMIFS(INDIRECT("당년!"&$A14),당년!$A:$A,G$1,당년!$B:$B,G$3) -> 489369810 | H14: =SUMIFS(INDIRECT("전년!"&$A14),전년!$A:$A,H$1,전년!$B:$B,H$2)+SUMIFS(INDIRECT("전년!"&$A14),전년!$A:$A,H$1,전년!$B:$B,H$3) -> 315804700 | I14: =IFERROR(G14/H14-1,"") -> 0.54959635 | J14: =ROUND(J$40*M15/SUM(M$8:M$37,M$47),-6) -> 397000000 | L14: =SUMIFS(INDIRECT("당년!"&$A14),당년!$A:$A,L$1,당년!$B:$B,L$2)+SUMIFS(INDIRECT("당년!"&$A14),당년!$A:$A,L$1,당년!$B:$B,L$3) -> 323625322 | M14: =SUMIFS(INDIRECT("전년!"&$A14),전년!$A:$A,M$1,전년!$B:$B,M$2)+SUMIFS(INDIRECT("전년!"&$A14),전년!$A:$A,M$1,전년!$B:$B,M$3) -> 201738204 | N14: =IFERROR(L14/M14-1,"") -> 0.60418461 | O14: =ROUND(O$40*R15/SUM(R$8:R$37,R$47),-6) -> 28000000 | P14: 155500000 | Q14: =SUMIFS(INDIRECT("당년!"&$A14),당년!$A:$A,Q$1) -> 22254380 | R14: =SUMIFS(INDIRECT("전년!"&$A14),전년!$A:$A,R$1) -> 79406297 | S14: =IFERROR(Q14/R14-1,"") -> -0.71974036 | T14: =SUM(E14,J14,O14) -> 1356000000 | U14: =SUM(F14,K14,P14) -> 155500000 | V14: =SUM(G14,L14,Q14) -> 835249512 | W14: =SUM(H14,M14,R14) -> 596949201 | X14: =IFERROR(V14/W14-1,"") -> 0.39919697 | Z14: =ROUND(Z$40*AC15/SUM(AC$8:AC$37,AC$47),-6) -> 281000000 | AA14: 226250000 | AB14: =SUMIFS(INDIRECT("당년!"&$A14),당년!$A:$A,AB$1,당년!$B:$B,AB$2)+SUMIFS(INDIRECT("당년!"&$A14),당년!$A:$A,AB$1,당년!$B:$B,AB$3) -> 265165700 | AC14: =SUMIFS(INDIRECT("전년!"&$A14),전년!$A:$A,AC$1,전년!$B:$B,AC$2)+SUMIFS(INDIRECT("전년!"&$A14),전년!$A:$A,AC$1,전년!$B:$B,AC$3) -> 460357700 | AD14: =IFERROR(AB14/AC14-1,"") -> -0.42400073 | AF14: =SUM(T14,Z14) -> 1637000000 | AG14: =SUM(U14,AA14) -> 381750000 | AH14: =SUM(V14,AB14) -> 1100415212 | AI14: =SUM(W14,AC14) -> 1057306901 | AJ14: =IFERROR(AH14/AI14-1,"") -> 0.040771805
A15: X:X | C15: 일 | D15: =D14+1 -> 45970 | E15: =ROUND(E$40*H16/SUM(H$8:H$37,H$47),-6) -> 949000000 | G15: =SUMIFS(INDIRECT("당년!"&$A15),당년!$A:$A,G$1,당년!$B:$B,G$2)+SUMIFS(INDIRECT("당년!"&$A15),당년!$A:$A,G$1,당년!$B:$B,G$3) -> 471281110 | H15: =SUMIFS(INDIRECT("전년!"&$A15),전년!$A:$A,H$1,전년!$B:$B,H$2)+SUMIFS(INDIRECT("전년!"&$A15),전년!$A:$A,H$1,전년!$B:$B,H$3) -> 403408830 | I15: =IFERROR(G15/H15-1,"") -> 0.16824689 | J15: =ROUND(J$40*M16/SUM(M$8:M$37,M$47),-6) -> 428000000 | L15: =SUMIFS(INDIRECT("당년!"&$A15),당년!$A:$A,L$1,당년!$B:$B,L$2)+SUMIFS(INDIRECT("당년!"&$A15),당년!$A:$A,L$1,당년!$B:$B,L$3) -> 318935230 | M15: =SUMIFS(INDIRECT("전년!"&$A15),전년!$A:$A,M$1,전년!$B:$B,M$2)+SUMIFS(INDIRECT("전년!"&$A15),전년!$A:$A,M$1,전년!$B:$B,M$3) -> 346538729 | N15: =IFERROR(L15/M15-1,"") -> -0.079654875 | O15: =ROUND(O$40*R16/SUM(R$8:R$37,R$47),-6) -> 27000000 | P15: 80100000 | Q15: =SUMIFS(INDIRECT("당년!"&$A15),당년!$A:$A,Q$1) -> 102131190 | R15: =SUMIFS(INDIRECT("전년!"&$A15),전년!$A:$A,R$1) -> 25778800 | S15: =IFERROR(Q15/R15-1,"") -> 2.9618287 | T15: =SUM(E15,J15,O15) -> 1404000000 | U15: =SUM(F15,K15,P15) -> 80100000 | V15: =SUM(G15,L15,Q15) -> 892347530 | W15: =SUM(H15,M15,R15) -> 775726359 | X15: =IFERROR(V15/W15-1,"") -> 0.15033803 | Z15: =ROUND(Z$40*AC16/SUM(AC$8:AC$37,AC$47),-6) -> 138000000 | AA15: 321250000 | AB15: =SUMIFS(INDIRECT("당년!"&$A15),당년!$A:$A,AB$1,당년!$B:$B,AB$2)+SUMIFS(INDIRECT("당년!"&$A15),당년!$A:$A,AB$1,당년!$B:$B,AB$3) -> 187195700 | AC15: =SUMIFS(INDIRECT("전년!"&$A15),전년!$A:$A,AC$1,전년!$B:$B,AC$2)+SUMIFS(INDIRECT("전년!"&$A15),전년!$A:$A,AC$1,전년!$B:$B,AC$3) -> 281788900 | AD15: =IFERROR(AB15/AC15-1,"") -> -0.33568817 | AF15: =SUM(T15,Z15) -> 1542000000 | AG15: =SUM(U15,AA15) -> 401350000 | AH15: =SUM(V15,AB15) -> 1079543230 | AI15: =SUM(W15,AC15) -> 1057515259 | AJ15: =IFERROR(AH15/AI15-1,"") -> 0.020829932
A16: Y:Y | C16: 월 | D16: =D15+1 -> 45971 | E16: =ROUND(E$40*H17/SUM(H$8:H$37,H$47),-6) -> 544000000 | G16: =SUMIFS(INDIRECT("당년!"&$A16),당년!$A:$A,G$1,당년!$B:$B,G$2)+SUMIFS(INDIRECT("당년!"&$A16),당년!$A:$A,G$1,당년!$B:$B,G$3) -> 77144100 | H16: =SUMIFS(INDIRECT("전년!"&$A16),전년!$A:$A,H$1,전년!$B:$B,H$2)+SUMIFS(INDIRECT("전년!"&$A16),전년!$A:$A,H$1,전년!$B:$B,H$3) -> 411435010 | I16: =IFERROR(G16/H16-1,"") -> -0.81249991 | J16: =ROUND(J$40*M17/SUM(M$8:M$37,M$47),-6) -> 342000000 | L16: =SUMIFS(INDIRECT("당년!"&$A16),당년!$A:$A,L$1,당년!$B:$B,L$2)+SUMIFS(INDIRECT("당년!"&$A16),당년!$A:$A,L$1,당년!$B:$B,L$3) -> 205898885 | M16: =SUMIFS(INDIRECT("전년!"&$A16),전년!$A:$A,M$1,전년!$B:$B,M$2)+SUMIFS(INDIRECT("전년!"&$A16),전년!$A:$A,M$1,전년!$B:$B,M$3) -> 373719293 | N16: =IFERROR(L16/M16-1,"") -> -0.44905471 | O16: =ROUND(O$40*R17/SUM(R$8:R$37,R$47),-6) -> 208000000 | P16: 64500000 | Q16: =SUMIFS(INDIRECT("당년!"&$A16),당년!$A:$A,Q$1) -> 142601078 | R16: =SUMIFS(INDIRECT("전년!"&$A16),전년!$A:$A,R$1) -> 24439300 | S16: =IFERROR(Q16/R16-1,"") -> 4.8349084 | T16: =SUM(E16,J16,O16) -> 1094000000 | U16: =SUM(F16,K16,P16) -> 64500000 | V16: =SUM(G16,L16,Q16) -> 425644063 | W16: =SUM(H16,M16,R16) -> 809593603 | X16: =IFERROR(V16/W16-1,"") -> -0.47424972 | Z16: =ROUND(Z$40*AC17/SUM(AC$8:AC$37,AC$47),-6) -> 422000000 | AA16: 321250000 | AB16: =SUMIFS(INDIRECT("당년!"&$A16),당년!$A:$A,AB$1,당년!$B:$B,AB$2)+SUMIFS(INDIRECT("당년!"&$A16),당년!$A:$A,AB$1,당년!$B:$B,AB$3) -> 236220600 | AC16: =SUMIFS(INDIRECT("전년!"&$A16),전년!$A:$A,AC$1,전년!$B:$B,AC$2)+SUMIFS(INDIRECT("전년!"&$A16),전년!$A:$A,AC$1,전년!$B:$B,AC$3) -> 138165300 | AD16: =IFERROR(AB16/AC16-1,"") -> 0.70969556 | AF16: =SUM(T16,Z16) -> 1516000000 | AG16: =SUM(U16,AA16) -> 385750000 | AH16: =SUM(V16,AB16) -> 661864663 | AI16: =SUM(W16,AC16) -> 947758903 | AJ16: =IFERROR(AH16/AI16-1,"") -> -0.30165292
A17: Z:Z | C17: 화 | D17: =D16+1 -> 45972 | E17: =ROUND(E$40*H18/SUM(H$8:H$37,H$47),-6) -> 462000000 | G17: =SUMIFS(INDIRECT("당년!"&$A17),당년!$A:$A,G$1,당년!$B:$B,G$2)+SUMIFS(INDIRECT("당년!"&$A17),당년!$A:$A,G$1,당년!$B:$B,G$3) -> 161812100 | H17: =SUMIFS(INDIRECT("전년!"&$A17),전년!$A:$A,H$1,전년!$B:$B,H$2)+SUMIFS(INDIRECT("전년!"&$A17),전년!$A:$A,H$1,전년!$B:$B,H$3) -> 235973100 | I17: =IFERROR(G17/H17-1,"") -> -0.31427735 | J17: =ROUND(J$40*M18/SUM(M$8:M$37,M$47),-6) -> 253000000 | L17: =SUMIFS(INDIRECT("당년!"&$A17),당년!$A:$A,L$1,당년!$B:$B,L$2)+SUMIFS(INDIRECT("당년!"&$A17),당년!$A:$A,L$1,당년!$B:$B,L$3) -> 311994912 | M17: =SUMIFS(INDIRECT("전년!"&$A17),전년!$A:$A,M$1,전년!$B:$B,M$2)+SUMIFS(INDIRECT("전년!"&$A17),전년!$A:$A,M$1,전년!$B:$B,M$3) -> 298057047 | N17: =IFERROR(L17/M17-1,"") -> 0.046762407 | O17: =ROUND(O$40*R18/SUM(R$8:R$37,R$47),-6) -> 117000000 | P17: 65000000 | Q17: =SUMIFS(INDIRECT("당년!"&$A17),당년!$A:$A,Q$1) -> 125739855 | R17: =SUMIFS(INDIRECT("전년!"&$A17),전년!$A:$A,R$1) -> 191431867 | S17: =IFERROR(Q17/R17-1,"") -> -0.34316132 | T17: =SUM(E17,J17,O17) -> 832000000 | U17: =SUM(F17,K17,P17) -> 65000000 | V17: =SUM(G17,L17,Q17) -> 599546867 | W17: =SUM(H17,M17,R17) -> 725462014 | X17: =IFERROR(V17/W17-1,"") -> -0.17356546 | Z17: =ROUND(Z$40*AC18/SUM(AC$8:AC$37,AC$47),-6) -> 414000000 | AA17: 388231600 | AB17: =SUMIFS(INDIRECT("당년!"&$A17),당년!$A:$A,AB$1,당년!$B:$B,AB$2)+SUMIFS(INDIRECT("당년!"&$A17),당년!$A:$A,AB$1,당년!$B:$B,AB$3) -> 518795800 | AC17: =SUMIFS(INDIRECT("전년!"&$A17),전년!$A:$A,AC$1,전년!$B:$B,AC$2)+SUMIFS(INDIRECT("전년!"&$A17),전년!$A:$A,AC$1,전년!$B:$B,AC$3) -> 423838500 | AD17: =IFERROR(AB17/AC17-1,"") -> 0.22404123 | AF17: =SUM(T17,Z17) -> 1246000000 | AG17: =SUM(U17,AA17) -> 453231600 | AH17: =SUM(V17,AB17) -> 1118342667 | AI17: =SUM(W17,AC17) -> 1149300514 | AJ17: =IFERROR(AH17/AI17-1,"") -> -0.026936251
A18: AA:AA | C18: 수 | D18: =D17+1 -> 45973 | E18: =ROUND(E$40*H19/SUM(H$8:H$37,H$47),-6) -> 630000000 | G18: =SUMIFS(INDIRECT("당년!"&$A18),당년!$A:$A,G$1,당년!$B:$B,G$2)+SUMIFS(INDIRECT("당년!"&$A18),당년!$A:$A,G$1,당년!$B:$B,G$3) -> 169915500 | H18: =SUMIFS(INDIRECT("전년!"&$A18),전년!$A:$A,H$1,전년!$B:$B,H$2)+SUMIFS(INDIRECT("전년!"&$A18),전년!$A:$A,H$1,전년!$B:$B,H$3) -> 200228910 | I18: =IFERROR(G18/H18-1,"") -> -0.15139377 | J18: =ROUND(J$40*M19/SUM(M$8:M$37,M$47),-6) -> 271000000 | L18: =SUMIFS(INDIRECT("당년!"&$A18),당년!$A:$A,L$1,당년!$B:$B,L$2)+SUMIFS(INDIRECT("당년!"&$A18),당년!$A:$A,L$1,당년!$B:$B,L$3) -> 246546840 | M18: =SUMIFS(INDIRECT("전년!"&$A18),전년!$A:$A,M$1,전년!$B:$B,M$2)+SUMIFS(INDIRECT("전년!"&$A18),전년!$A:$A,M$1,전년!$B:$B,M$3) -> 220537293 | N18: =IFERROR(L18/M18-1,"") -> 0.11793718 | O18: =ROUND(O$40*R19/SUM(R$8:R$37,R$47),-6) -> 94000000 | P18: 59500000 | Q18: =SUMIFS(INDIRECT("당년!"&$A18),당년!$A:$A,Q$1) -> 139804726 | R18: =SUMIFS(INDIRECT("전년!"&$A18),전년!$A:$A,R$1) -> 107762274 | S18: =IFERROR(Q18/R18-1,"") -> 0.29734387 | T18: =SUM(E18,J18,O18) -> 995000000 | U18: =SUM(F18,K18,P18) -> 59500000 | V18: =SUM(G18,L18,Q18) -> 556267066 | W18: =SUM(H18,M18,R18) -> 528528477 | X18: =IFERROR(V18/W18-1,"") -> 0.052482676 | Z18: =ROUND(Z$40*AC19/SUM(AC$8:AC$37,AC$47),-6) -> 491000000 | AA18: 570000000 | AB18: =SUMIFS(INDIRECT("당년!"&$A18),당년!$A:$A,AB$1,당년!$B:$B,AB$2)+SUMIFS(INDIRECT("당년!"&$A18),당년!$A:$A,AB$1,당년!$B:$B,AB$3) -> 544913750 | AC18: =SUMIFS(INDIRECT("전년!"&$A18),전년!$A:$A,AC$1,전년!$B:$B,AC$2)+SUMIFS(INDIRECT("전년!"&$A18),전년!$A:$A,AC$1,전년!$B:$B,AC$3) -> 415616300 | AD18: =IFERROR(AB18/AC18-1,"") -> 0.31109812 | AF18: =SUM(T18,Z18) -> 1486000000 | AG18: =SUM(U18,AA18) -> 629500000 | AH18: =SUM(V18,AB18) -> 1101180816 | AI18: =SUM(W18,AC18) -> 944144777 | AJ18: =IFERROR(AH18/AI18-1,"") -> 0.16632623
A19: AB:AB | C19: 목 | D19: =D18+1 -> 45974 | E19: =ROUND(E$40*H20/SUM(H$8:H$37,H$47),-6) -> 531000000 | G19: =SUMIFS(INDIRECT("당년!"&$A19),당년!$A:$A,G$1,당년!$B:$B,G$2)+SUMIFS(INDIRECT("당년!"&$A19),당년!$A:$A,G$1,당년!$B:$B,G$3) -> 136757700 | H19: =SUMIFS(INDIRECT("전년!"&$A19),전년!$A:$A,H$1,전년!$B:$B,H$2)+SUMIFS(INDIRECT("전년!"&$A19),전년!$A:$A,H$1,전년!$B:$B,H$3) -> 272976800 | I19: =IFERROR(G19/H19-1,"") -> -0.49901347 | J19: =ROUND(J$40*M20/SUM(M$8:M$37,M$47),-6) -> 226000000 | L19: =SUMIFS(INDIRECT("당년!"&$A19),당년!$A:$A,L$1,당년!$B:$B,L$2)+SUMIFS(INDIRECT("당년!"&$A19),당년!$A:$A,L$1,당년!$B:$B,L$3) -> 280309658 | M19: =SUMIFS(INDIRECT("전년!"&$A19),전년!$A:$A,M$1,전년!$B:$B,M$2)+SUMIFS(INDIRECT("전년!"&$A19),전년!$A:$A,M$1,전년!$B:$B,M$3) -> 236709740 | N19: =IFERROR(L19/M19-1,"") -> 0.18419148 | O19: =ROUND(O$40*R20/SUM(R$8:R$37,R$47),-6) -> 96000000 | P19: 19000000 | Q19: =SUMIFS(INDIRECT("당년!"&$A19),당년!$A:$A,Q$1) -> 104709549 | R19: =SUMIFS(INDIRECT("전년!"&$A19),전년!$A:$A,R$1) -> 86411778 | S19: =IFERROR(Q19/R19-1,"") -> 0.21175089 | T19: =SUM(E19,J19,O19) -> 853000000 | U19: =SUM(F19,K19,P19) -> 19000000 | V19: =SUM(G19,L19,Q19) -> 521776907 | W19: =SUM(H19,M19,R19) -> 596098318 | X19: =IFERROR(V19/W19-1,"") -> -0.12467979 | Z19: =ROUND(Z$40*AC20/SUM(AC$8:AC$37,AC$47),-6) -> 499000000 | AA19: 475000000 | AB19: =SUMIFS(INDIRECT("당년!"&$A19),당년!$A:$A,AB$1,당년!$B:$B,AB$2)+SUMIFS(INDIRECT("당년!"&$A19),당년!$A:$A,AB$1,당년!$B:$B,AB$3) -> 629690050 | AC19: =SUMIFS(INDIRECT("전년!"&$A19),전년!$A:$A,AC$1,전년!$B:$B,AC$2)+SUMIFS(INDIRECT("전년!"&$A19),전년!$A:$A,AC$1,전년!$B:$B,AC$3) -> 493379700 | AD19: =IFERROR(AB19/AC19-1,"") -> 0.2762788 | AF19: =SUM(T19,Z19) -> 1352000000 | AG19: =SUM(U19,AA19) -> 494000000 | AH19: =SUM(V19,AB19) -> 1151466957 | AI19: =SUM(W19,AC19) -> 1089478018 | AJ19: =IFERROR(AH19/AI19-1,"") -> 0.056897834
... A36: AS:AS | C36: 일 | D36: =D35+1 -> 45991 | E36: =ROUND(E$40*H37/SUM(H$8:H$37,H$47),-6) -> 1017000000 | G36: =SUMIFS(INDIRECT("당년!"&$A36),당년!$A:$A,G$1,당년!$B:$B,G$2)+SUMIFS(INDIRECT("당년!"&$A36),당년!$A:$A,G$1,당년!$B:$B,G$3) -> 0 | H36: =SUMIFS(INDIRECT("전년!"&$A36),전년!$A:$A,H$1,전년!$B:$B,H$2)+SUMIFS(INDIRECT("전년!"&$A36),전년!$A:$A,H$1,전년!$B:$B,H$3) -> 372680900 | I36: =IFERROR(G36/H36-1,"") -> -1 | J36: =ROUND(J$40*M37/SUM(M$8:M$37,M$47),-6) -> 511000000 | L36: =SUMIFS(INDIRECT("당년!"&$A36),당년!$A:$A,L$1,당년!$B:$B,L$2)+SUMIFS(INDIRECT("당년!"&$A36),당년!$A:$A,L$1,당년!$B:$B,L$3) -> 0 | M36: =SUMIFS(INDIRECT("전년!"&$A36),전년!$A:$A,M$1,전년!$B:$B,M$2)+SUMIFS(INDIRECT("전년!"&$A36),전년!$A:$A,M$1,전년!$B:$B,M$3) -> 312234479 | N36: =IFERROR(L36/M36-1,"") -> -1 | O36: =ROUND(O$40*R37/SUM(R$8:R$37,R$47),-6) -> 41000000 | P36: 66500000 | Q36: =SUMIFS(INDIRECT("당년!"&$A36),당년!$A:$A,Q$1) -> 0 | R36: =SUMIFS(INDIRECT("전년!"&$A36),전년!$A:$A,R$1) -> 46228960 | S36: =IFERROR(Q36/R36-1,"") -> -1 | T36: =SUM(E36,J36,O36) -> 1569000000 | U36: =SUM(F36,K36,P36) -> 66500000 | V36: =SUM(G36,L36,Q36) -> 0 | W36: =SUM(H36,M36,R36) -> 731144339 | X36: =IFERROR(V36/W36-1,"") -> -1 | Z36: =ROUND(Z$40*AC37/SUM(AC$8:AC$37,AC$47),-6) -> 108000000 | AA36: 95000000 | AB36: =SUMIFS(INDIRECT("당년!"&$A36),당년!$A:$A,AB$1,당년!$B:$B,AB$2)+SUMIFS(INDIRECT("당년!"&$A36),당년!$A:$A,AB$1,당년!$B:$B,AB$3) -> 0 | AC36: =SUMIFS(INDIRECT("전년!"&$A36),전년!$A:$A,AC$1,전년!$B:$B,AC$2)+SUMIFS(INDIRECT("전년!"&$A36),전년!$A:$A,AC$1,전년!$B:$B,AC$3) -> 505368100 | AD36: =IFERROR(AB36/AC36-1,"") -> -1 | AF36: =SUM(T36,Z36) -> 1677000000 | AG36: =SUM(U36,AA36) -> 161500000 | AH36: =SUM(V36,AB36) -> 0 | AI36: =SUM(W36,AC36) -> 1236512439 | AJ36: =IFERROR(AH36/AI36-1,"") -> -1
A37: AT:AT | C37: 월 | D37: =D36+1 -> 45992 | E37: =E40-SUM(E7:E36) -> 0 | G37: =SUMIFS(INDIRECT("당년!"&$A37),당년!$A:$A,G$1,당년!$B:$B,G$2)+SUMIFS(INDIRECT("당년!"&$A37),당년!$A:$A,G$1,당년!$B:$B,G$3) -> 0 | H37: =SUMIFS(INDIRECT("전년!"&$A37),전년!$A:$A,H$1,전년!$B:$B,H$2)+SUMIFS(INDIRECT("전년!"&$A37),전년!$A:$A,H$1,전년!$B:$B,H$3) -> 440601710 | I37: =IFERROR(G37/H37-1,"") -> -1 | J37: =J40-SUM(J7:J36) -> 2000000 | L37: =SUMIFS(INDIRECT("당년!"&$A37),당년!$A:$A,L$1,당년!$B:$B,L$2)+SUMIFS(INDIRECT("당년!"&$A37),당년!$A:$A,L$1,당년!$B:$B,L$3) -> 0 | M37: =SUMIFS(INDIRECT("전년!"&$A37),전년!$A:$A,M$1,전년!$B:$B,M$2)+SUMIFS(INDIRECT("전년!"&$A37),전년!$A:$A,M$1,전년!$B:$B,M$3) -> 446094262 | N37: =IFERROR(L37/M37-1,"") -> -1 | O37: =O40-SUM(O7:O36) -> 2000000 | Q37: =SUMIFS(INDIRECT("당년!"&$A37),당년!$A:$A,Q$1) -> 0 | R37: =SUMIFS(INDIRECT("전년!"&$A37),전년!$A:$A,R$1) -> 37667640 | S37: =IFERROR(Q37/R37-1,"") -> -1 | T37: =SUM(E37,J37,O37) -> 4000000 | U37: =SUM(F37,K37,P37) -> 0 | V37: =SUM(G37,L37,Q37) -> 0 | W37: =SUM(H37,M37,R37) -> 924363612 | X37: =IFERROR(V37/W37-1,"") -> -1 | Z37: =Z40-SUM(Z7:Z36) -> -1000000 | AB37: =SUMIFS(INDIRECT("당년!"&$A37),당년!$A:$A,AB$1,당년!$B:$B,AB$2)+SUMIFS(INDIRECT("당년!"&$A37),당년!$A:$A,AB$1,당년!$B:$B,AB$3) -> 0 | AC37: =SUMIFS(INDIRECT("전년!"&$A37),전년!$A:$A,AC$1,전년!$B:$B,AC$2)+SUMIFS(INDIRECT("전년!"&$A37),전년!$A:$A,AC$1,전년!$B:$B,AC$3) -> 108519900 | AD37: =IFERROR(AB37/AC37-1,"") -> -1 | AF37: =SUM(T37,Z37) -> 3000000 | AG37: =SUM(U37,AA37) -> 0 | AH37: =SUM(V37,AB37) -> 0 | AI37: =SUM(W37,AC37) -> 1032883512 | AJ37: =IFERROR(AH37/AI37-1,"") -> -1
A38: AU:AU | D38: TTL | E38: =SUM(E7:E36) -> 19890000000 | F38: =SUM(G7:G9,F10:F36) -> 1126826960 | G38: =SUM(G7:G36) -> 6951931580 | H38: =SUM(H7:H36) -> 8424280990 | I38: =IFERROR(G38/H38-1,"") -> -0.17477449 | J38: =SUM(J7:J36) -> 9659000000 | K38: =SUM(L7:L9,K10:K36) -> 1561927029 | L38: =SUM(L7:L36) -> 7717549293 | M38: =SUM(M7:M36) -> 8181836130 | N38: =IFERROR(L38/M38-1,"") -> -0.056746044 | O38: =SUM(O7:O36) -> 3447000000 | P38: =SUM(Q7:Q9,P10:P36) -> 2244856901 | Q38: =SUM(Q7:Q36) -> 2656770794 | R38: =SUM(R7:R36) -> 3210571259 | S38: =IFERROR(Q38/R38-1,"") -> -0.17249281 | T38: =SUM(T7:T36) -> 32996000000 | U38: =SUM(V7:V9,U10:U36) -> 4933610890 | V38: =SUM(V7:V36) -> 17326251667 | W38: =SUM(W7:W36) -> 19816688379 | X38: =IFERROR(V38/W38-1,"") -> -0.12567371 | Z38: =SUM(Z7:Z36) -> 10851000000 | AA38: =SUM(AA7:AA36) -> 9964464430 | AB38: =SUM(AB7:AB36) -> 8576260930 | AC38: =SUM(AC7:AC36) -> 11191298986 | AD38: =IFERROR(AB38/AC38-1,"") -> -0.23366707 | AF38: =SUM(AF7:AF36) -> 43847000000 | AG38: =SUM(AH7:AH9,AG10:AG36) -> 14842742520 | AH38: =SUM(AH7:AH36) -> 25902512597 | AI38: =SUM(AI7:AI36) -> 31007987365 | AJ38: =IFERROR(AH38/AI38-1,"") -> -0.16465031
E40: =요약!H17 -> 19890000000 | J40: =요약!H18 -> 9661000000 | O40: =요약!H19 -> 3449000000 | Z40: =요약!H25 -> 10850000000
K44: 1569500000
K45: 1652000000
K46: 1671500000
A47: AU:AU | F47: 8/1 | H47: =SUMIFS(INDIRECT("전년!"&$A47),전년!$A:$A,H$1) -> 0 | K47: 1660000000 | M47: =SUMIFS(INDIRECT("전년!"&$A47),전년!$A:$A,M$1) -> 0 | R47: =SUMIFS(INDIRECT("전년!"&$A47),전년!$A:$A,R$1) -> 0 | AC47: =SUMIFS(INDIRECT("전년!"&$A47),전년!$A:$A,AC$1) -> 0

Sheet 단체(당년)
Y1: =SUBTOTAL(9,Y$2:Y$2000) -> 10655196690 | AC1: =SUBTOTAL(9,AC$2:AC$2000) -> 25901904597
A2: 주차 | B2: 팀 | C2: 상권 | D2: 유통 | E2: 매장명변환 | F2: 매장그룹명 | G2: 매장코드 | H2: 매장명 | I2: 거래구분 | J2: 계약구분 | K2: 관리구분 | L2: 온오프 | M2: 유통채널 | N2: 유통채널상세 | O2: 일반판매액 | P2: 일반판매수량 | Q2: 온라인판매액 | R2: 온라인판매수량 | S2: 온라인단독판매액 | T2: 온라인단독판매수량 | U2: 완불판매액 | V2: 완불판매수량 | W2: 예약판매액 | X2: 예약판매수량 | Y2: 소량단체판매액 | Z2: 소량단체판매수량 | AA2: 기타판매액 | AB2: 기타판매수량 | AC2: 판매액합계 | AD2: 판매수량합계 | AF2: 순수매출
A3: 1W | B3: =IFERROR(VLOOKUP($H3,매장구분!$B:$Z,2,0),"") -> 리테일채널팀 | C3: =IFERROR(VLOOKUP($H3,매장구분!$B:$Z,3,0),"") -> 국내 | D3: =IFERROR(VLOOKUP($H3,매장구분!$B:$Z,5,0),"") -> 상설(위탁) | E3: =IFERROR(VLOOKUP($H3,매장구분!$B:$Z,9,0),"") -> LF스퀘어광양(상-위) | G3: 7526 | H3: LF스퀘어광양(상-위) | I3: 일반매장 | J3: 대리점 | K3: 위탁 | L3: 오프라인 | M3: 백화점 | N3: 백화점(대형) | O3: 1116000 | P3: 31 | Q3: 0 | R3: 0 | S3: 0 | T3: 0 | U3: 0 | V3: 0 | W3: 0 | X3: 0 | Y3: 0 | Z3: 0 | AA3: 0 | AB3: 0 | AC3: 1116000 | AD3: 31 | AF3: =IFERROR(AC3-Y3,"") -> 1116000
A4: 1W | B4: =IFERROR(VLOOKUP($H4,매장구분!$B:$Z,2,0),"") -> 파트너채널팀 | C4: =IFERROR(VLOOKUP($H4,매장구분!$B:$Z,3,0),"") -> 면세 | D4: =IFERROR(VLOOKUP($H4,매장구분!$B:$Z,5,0),"") -> 면세 | E4: =IFERROR(VLOOKUP($H4,매장구분!$B:$Z,9,0),"") -> 신세계면세명동 | G4: 431 | H4: 신세계면세명동 | I4: 일반매장 | J4: 백화점특정 | K4: 위탁 | L4: 오프라인 | M4: 면세 | N4: 면세점 | O4: 37460300 | P4: 576 | Q4: 0 | R4: 0 | S4: 0 | T4: 0 | U4: 0 | V4: 0 | W4: 0 | X4: 0 | Y4: 0 | Z4: 0 | AA4: 0 | AB4: 0 | AC4: 37460300 | AD4: 576 | AF4: =IFERROR(AC4-Y4,"") -> 37460300
A5: 1W | B5: =IFERROR(VLOOKUP($H5,매장구분!$B:$Z,2,0),"") -> E-biz | C5: =IFERROR(VLOOKUP($H5,매장구분!$B:$Z,3,0),"") -> 국내 | D5: =IFERROR(VLOOKUP($H5,매장구분!$B:$Z,5,0),"") -> 온(자사몰) | E5: =IFERROR(VLOOKUP($H5,매장구분!$B:$Z,9,0),"") -> 온라인쇼핑몰 | G5: 510 | H5: 온라인쇼핑몰(직) | I5: 일반매장 | J5: 직영점 | K5: 위탁 | L5: 온라인 | M5: 온라인 | N5: 자사몰 | O5: 73737670 | P5: 840 | Q5: 0 | R5: 0 | S5: 0 | T5: 0 | U5: 0 | V5: 0 | W5: 0 | X5: 0 | Y5: 0 | Z5: 0 | AA5: 0 | AB5: 0 | AC5: 73737670 | AD5: 840 | AF5: =IFERROR(AC5-Y5,"") -> 73737670
A6: 1W | B6: =IFERROR(VLOOKUP($H6,매장구분!$B:$Z,2,0),"") -> E-biz | C6: =IFERROR(VLOOKUP($H6,매장구분!$B:$Z,3,0),"") -> 국내 | D6: =IFERROR(VLOOKUP($H6,매장구분!$B:$Z,5,0),"") -> 온(제휴몰) | E6: =IFERROR(VLOOKUP($H6,매장구분!$B:$Z,9,0),"") -> 무신사(제휴몰) | G6: 8001 | H6: 무신사(제휴몰) | I6: 일반매장 | J6: 직영점 | K6: 위탁 | L6: 온라인 | M6: 온라인 | N6: 제휴몰 | O6: 42542400 | P6: 614 | Q6: 0 | R6: 0 | S6: 0 | T6: 0 | U6: 0 | V6: 0 | W6: 0 | X6: 0 | Y6: 0 | Z6: 0 | AA6: 0 | AB6: 0 | AC6: 42542400 | AD6: 614 | AF6: =IFERROR(AC6-Y6,"") -> 42542400
A7: 1W | B7: =IFERROR(VLOOKUP($H7,매장구분!$B:$Z,2,0),"") -> 리테일채널팀 | C7: =IFERROR(VLOOKUP($H7,매장구분!$B:$Z,3,0),"") -> 국내 | D7: =IFERROR(VLOOKUP($H7,매장구분!$B:$Z,5,0),"") -> 직영점 | E7: =IFERROR(VLOOKUP($H7,매장구분!$B:$Z,9,0),"") -> 타임스퀘어영등포(직) | G7: 509 | H7: 타임스퀘어영등포(직) | I7: 일반매장 | J7: 직영점 | K7: 위탁 | L7: 오프라인 | M7: 쇼핑몰 | N7: 쇼핑몰(대형) | O7: 13727900 | P7: 130 | Q7: 0 | R7: 0 | S7: 0 | T7: 0 | U7: 1863000 | V7: 7 | W7: 0 | X7: 0 | Y7: 0 | Z7: 0 | AA7: 0 | AB7: 0 | AC7: 15590900 | AD7: 137 | AF7: =IFERROR(AC7-Y7,"") -> 15590900
A8: 1W | B8: =IFERROR(VLOOKUP($H8,매장구분!$B:$Z,2,0),"") -> 파트너채널팀 | C8: =IFERROR(VLOOKUP($H8,매장구분!$B:$Z,3,0),"") -> 국내 | D8: =IFERROR(VLOOKUP($H8,매장구분!$B:$Z,5,0),"") -> 백화점 | E8: =IFERROR(VLOOKUP($H8,매장구분!$B:$Z,9,0),"") -> 롯데김포 | G8: 034 | H8: 롯데김포 | I8: 일반매장 | J8: 백화점특정 | K8: 위탁 | L8: 오프라인 | M8: 백화점 | N8: 백화점(대형) | O8: 9885700 | P8: 108 | Q8: 0 | R8: 0 | S8: 0 | T8: 0 | U8: 855000 | V8: 5 | W8: 0 | X8: 0 | Y8: 4699000 | Z8: 90 | AA8: 0 | AB8: 0 | AC8: 15439700 | AD8: 203 | AF8: =IFERROR(AC8-Y8,"") -> 10740700
A9: 1W | B9: =IFERROR(VLOOKUP($H9,매장구분!$B:$Z,2,0),"") -> 파트너채널팀 | C9: =IFERROR(VLOOKUP($H9,매장구분!$B:$Z,3,0),"") -> 국내 | D9: =IFERROR(VLOOKUP($H9,매장구분!$B:$Z,5,0),"") -> 백화점 | E9: =IFERROR(VLOOKUP($H9,매장구분!$B:$Z,9,0),"") -> 신세계대구 | G9: 080 | H9: 신세계대구 | I9: 일반매장 | J9: 백화점특정 | K9: 위탁 | L9: 오프라인 | M9: 백화점 | N9: 백화점(대형) | O9: 17284800 | P9: 182 | Q9: 0 | R9: 0 | S9: 0 | T9: 0 | U9: 950000 | V9: 4 | W9: 0 | X9: 0 | Y9: 86000 | Z9: 2 | AA9: 0 | AB9: 0 | AC9: 18320800 | AD9: 188 | AF9: =IFERROR(AC9-Y9,"") -> 18234800
A10: 1W | B10: =IFERROR(VLOOKUP($H10,매장구분!$B:$Z,2,0),"") -> 리테일채널팀 | C10: =IFERROR(VLOOKUP($H10,매장구분!$B:$Z,3,0),"") -> 국내 | D10: =IFERROR(VLOOKUP($H10,매장구분!$B:$Z,5,0),"") -> 대리점 | E10: =IFERROR(VLOOKUP($H10,매장구분!$B:$Z,9,0),"") -> 아산(대-위) | G10: 6029 | H10: 아산(대-위) | I10: 일반매장 | J10: 대리점 | K10: 위탁 | L10: 오프라인 | M10: 가두 | N10: 가두(대리) | O10: 5007000 | P10: 38 | Q10: 0 | R10: 0 | S10: 0 | T10: 0 | U10: 1791000 | V10: 9 | W10: 0 | X10: 0 | Y10: 0 | Z10: 0 | AA10: 0 | AB10: 0 | AC10: 6798000 | AD10: 47 | AF10: =IFERROR(AC10-Y10,"") -> 6798000
A11: 1W | B11: =IFERROR(VLOOKUP($H11,매장구분!$B:$Z,2,0),"") -> 리테일채널팀 | C11: =IFERROR(VLOOKUP($H11,매장구분!$B:$Z,3,0),"") -> 국내 | D11: =IFERROR(VLOOKUP($H11,매장구분!$B:$Z,5,0),"") -> 대리점 | E11: =IFERROR(VLOOKUP($H11,매장구분!$B:$Z,9,0),"") -> 여수(대-위) | G11: 661 | H11: 여수(대-위) | I11: 일반매장 | J11: 대리점 | K11: 위탁 | L11: 오프라인 | M11: 가두 | N11: 가두(대리) | O11: 5185052 | P11: 53 | Q11: 0 | R11: 0 | S11: 0 | T11: 0 | U11: 596000 | V11: 4 | W11: 0 | X11: 0 | Y11: 0 | Z11: 0 | AA11: 0 | AB11: 0 | AC11: 5781052 | AD11: 57 | AF11: =IFERROR(AC11-Y11,"") -> 5781052
A12: 1W | B12: =IFERROR(VLOOKUP($H12,매장구분!$B:$Z,2,0),"") -> 파트너채널팀 | C12: =IFERROR(VLOOKUP($H12,매장구분!$B:$Z,3,0),"") -> 국내 | D12: =IFERROR(VLOOKUP($H12,매장구분!$B:$Z,5,0),"") -> 백화점 | E12: =IFERROR(VLOOKUP($H12,매장구분!$B:$Z,9,0),"") -> 롯데안산 | G12: 043 | H12: 롯데안산 | I12: 일반매장 | J12: 백화점특정 | K12: 위탁 | L12: 오프라인 | M12: 백화점 | N12: 백화점(대형) | O12: 5914100 | P12: 55 | Q12: 0 | R12: 0 | S12: 0 | T12: 0 | U12: 725000 | V12: 5 | W12: 0 | X12: 0 | Y12: 0 | Z12: 0 | AA12: 0 | AB12: 0 | AC12: 6639100 | AD12: 60 | AF12: =IFERROR(AC12-Y12,"") -> 6639100
A13: 1W | B13: =IFERROR(VLOOKUP($H13,매장구분!$B:$Z,2,0),"") -> 파트너채널팀 | C13: =IFERROR(VLOOKUP($H13,매장구분!$B:$Z,3,0),"") -> 국내 | D13: =IFERROR(VLOOKUP($H13,매장구분!$B:$Z,5,0),"") -> 백화점 | E13: =IFERROR(VLOOKUP($H13,매장구분!$B:$Z,9,0),"") -> 롯데영등포 | G13: 161 | H13: 롯데영등포 | I13: 일반매장 | J13: 백화점특정 | K13: 위탁 | L13: 오프라인 | M13: 백화점 | N13: 백화점(대형) | O13: 6273000 | P13: 63 | Q13: 199000 | R13: 1 | S13: 0 | T13: 0 | U13: 249000 | V13: 1 | W13: 0 | X13: 0 | Y13: 2397000 | Z13: 60 | AA13: 0 | AB13: 0 | AC13: 9118000 | AD13: 125 | AF13: =IFERROR(AC13-Y13,"") -> 6721000
A14: 1W | B14: =IFERROR(VLOOKUP($H14,매장구분!$B:$Z,2,0),"") -> 리테일채널팀 | C14: =IFERROR(VLOOKUP($H14,매장구분!$B:$Z,3,0),"") -> 국내 | D14: =IFERROR(VLOOKUP($H14,매장구분!$B:$Z,5,0),"") -> 직영점 | E14: =IFERROR(VLOOKUP($H14,매장구분!$B:$Z,9,0),"") -> 동성로 | G14: 521 | H14: 동성로(직) | I14: 일반매장 | J14: 직영점 | K14: 위탁 | L14: 오프라인 | M14: 가두 | N14: 가두(직영) | O14: 6981800 | P14: 98 | Q14: 0 | R14: 0 | S14: 0 | T14: 0 | U14: 1353000 | V14: 7 | W14: 0 | X14: 0 | Y14: 0 | Z14: 0 | AA14: 0 | AB14: 0 | AC14: 8334800 | AD14: 105 | AF14: =IFERROR(AC14-Y14,"") -> 8334800
... A767: 4W | B767: =IFERROR(VLOOKUP($H767,매장구분!$B:$Z,2,0),"") -> 리테일채널팀 | C767: =IFERROR(VLOOKUP($H767,매장구분!$B:$Z,3,0),"") -> 국내 | D767: =IFERROR(VLOOKUP($H767,매장구분!$B:$Z,5,0),"") -> 상설(위탁) | E767: =IFERROR(VLOOKUP($H767,매장구분!$B:$Z,9,0),"") -> 롯데아울렛군산(상-위) | G767: 7537 | H767: 롯데아울렛군산(상-위) | I767: 일반매장 | J767: 대리점 | K767: 위탁 | L767: 오프라인 | M767: 백화점아울렛 | N767: 백화점아울렛 | O767: 589000 | P767: 16 | Q767: 0 | R767: 0 | S767: 0 | T767: 0 | U767: 0 | V767: 0 | W767: 0 | X767: 0 | Y767: 0 | Z767: 0 | AA767: 0 | AB767: 0 | AC767: 589000 | AD767: 16 | AF767: =IFERROR(AC767-Y767,"") -> 589000
B768: =IFERROR(VLOOKUP($H768,매장구분!$B:$Z,2,0),"") | C768: =IFERROR(VLOOKUP($H768,매장구분!$B:$Z,3,0),"") | D768: =IFERROR(VLOOKUP($H768,매장구분!$B:$Z,5,0),"") | E768: =IFERROR(VLOOKUP($H768,매장구분!$B:$Z,9,0),"") | AF768: =IFERROR(AC768-Y768,"") -> 0
B769: =IFERROR(VLOOKUP($H769,매장구분!$B:$Z,2,0),"") | C769: =IFERROR(VLOOKUP($H769,매장구분!$B:$Z,3,0),"") | D769: =IFERROR(VLOOKUP($H769,매장구분!$B:$Z,5,0),"") | E769: =IFERROR(VLOOKUP($H769,매장구분!$B:$Z,9,0),"") | AF769: =IFERROR(AC769-Y769,"") -> 0
B770: =IFERROR(VLOOKUP($H770,매장구분!$B:$Z,2,0),"") | C770: =IFERROR(VLOOKUP($H770,매장구분!$B:$Z,3,0),"") | D770: =IFERROR(VLOOKUP($H770,매장구분!$B:$Z,5,0),"") | E770: =IFERROR(VLOOKUP($H770,매장구분!$B:$Z,9,0),"") | AF770: =IFERROR(AC770-Y770,"") -> 0
B771: =IFERROR(VLOOKUP($H771,매장구분!$B:$Z,2,0),"") | C771: =IFERROR(VLOOKUP($H771,매장구분!$B:$Z,3,0),"") | D771: =IFERROR(VLOOKUP($H771,매장구분!$B:$Z,5,0),"") | E771: =IFERROR(VLOOKUP($H771,매장구분!$B:$Z,9,0),"") | AF771: =IFERROR(AC771-Y771,"") -> 0
B772: =IFERROR(VLOOKUP($H772,매장구분!$B:$Z,2,0),"") | C772: =IFERROR(VLOOKUP($H772,매장구분!$B:$Z,3,0),"") | D772: =IFERROR(VLOOKUP($H772,매장구분!$B:$Z,5,0),"") | E772: =IFERROR(VLOOKUP($H772,매장구분!$B:$Z,9,0),"") | AF772: =IFERROR(AC772-Y772,"") -> 0
B773: =IFERROR(VLOOKUP($H773,매장구분!$B:$Z,2,0),"") | C773: =IFERROR(VLOOKUP($H773,매장구분!$B:$Z,3,0),"") | D773: =IFERROR(VLOOKUP($H773,매장구분!$B:$Z,5,0),"") | E773: =IFERROR(VLOOKUP($H773,매장구분!$B:$Z,9,0),"") | AF773: =IFERROR(AC773-Y773,"") -> 0
B774: =IFERROR(VLOOKUP($H774,매장구분!$B:$Z,2,0),"") | C774: =IFERROR(VLOOKUP($H774,매장구분!$B:$Z,3,0),"") | D774: =IFERROR(VLOOKUP($H774,매장구분!$B:$Z,5,0),"") | E774: =IFERROR(VLOOKUP($H774,매장구분!$B:$Z,9,0),"") | AF774: =IFERROR(AC774-Y774,"") -> 0
B775: =IFERROR(VLOOKUP($H775,매장구분!$B:$Z,2,0),"") | C775: =IFERROR(VLOOKUP($H775,매장구분!$B:$Z,3,0),"") | D775: =IFERROR(VLOOKUP($H775,매장구분!$B:$Z,5,0),"") | E775: =IFERROR(VLOOKUP($H775,매장구분!$B:$Z,9,0),"") | AF775: =IFERROR(AC775-Y775,"") -> 0
B776: =IFERROR(VLOOKUP($H776,매장구분!$B:$Z,2,0),"") | C776: =IFERROR(VLOOKUP($H776,매장구분!$B:$Z,3,0),"") | D776: =IFERROR(VLOOKUP($H776,매장구분!$B:$Z,5,0),"") | E776: =IFERROR(VLOOKUP($H776,매장구분!$B:$Z,9,0),"") | AF776: =IFERROR(AC776-Y776,"") -> 0
B777: =IFERROR(VLOOKUP($H777,매장구분!$B:$Z,2,0),"") | C777: =IFERROR(VLOOKUP($H777,매장구분!$B:$Z,3,0),"") | D777: =IFERROR(VLOOKUP($H777,매장구분!$B:$Z,5,0),"") | E777: =IFERROR(VLOOKUP($H777,매장구분!$B:$Z,9,0),"") | AF777: =IFERROR(AC777-Y777,"") -> 0
B778: =IFERROR(VLOOKUP($H778,매장구분!$B:$Z,2,0),"") | C778: =IFERROR(VLOOKUP($H778,매장구분!$B:$Z,3,0),"") | D778: =IFERROR(VLOOKUP($H778,매장구분!$B:$Z,5,0),"") | E778: =IFERROR(VLOOKUP($H778,매장구분!$B:$Z,9,0),"") | AF778: =IFERROR(AC778-Y778,"") -> 0
B779: =IFERROR(VLOOKUP($H779,매장구분!$B:$Z,2,0),"") | C779: =IFERROR(VLOOKUP($H779,매장구분!$B:$Z,3,0),"") | D779: =IFERROR(VLOOKUP($H779,매장구분!$B:$Z,5,0),"") | E779: =IFERROR(VLOOKUP($H779,매장구분!$B:$Z,9,0),"") | AF779: =IFERROR(AC779-Y779,"") -> 0
... B1031: =IFERROR(VLOOKUP($H1031,매장구분!$B:$Z,2,0),"") | C1031: =IFERROR(VLOOKUP($H1031,매장구분!$B:$Z,3,0),"") | D1031: =IFERROR(VLOOKUP($H1031,매장구분!$B:$Z,5,0),"") | E1031: =IFERROR(VLOOKUP($H1031,매장구분!$B:$Z,9,0),"") | AF1031: =IFERROR(AC1031-Y1031,"") -> 0
AF1032: =IFERROR(AC1032-Y1032,"") -> 0
AF1033: =IFERROR(AC1033-Y1033,"") -> 0
AF1034: =IFERROR(AC1034-Y1034,"") -> 0
AF1035: =IFERROR(AC1035-Y1035,"") -> 0
AF1036: =IFERROR(AC1036-Y1036,"") -> 0
AF1037: =IFERROR(AC1037-Y1037,"") -> 0
AF1038: =IFERROR(AC1038-Y1038,"") -> 0
AF1039: =IFERROR(AC1039-Y1039,"") -> 0
AF1040: =IFERROR(AC1040-Y1040,"") -> 0
AF1041: =IFERROR(AC1041-Y1041,"") -> 0
AF1042: =IFERROR(AC1042-Y1042,"") -> 0
AF1043: =IFERROR(AC1043-Y1043,"") -> 0
... AF1945: =IFERROR(AC1945-Y1945,"") -> 0

Sheet 단체(전년-동일자)
A2: 주차 | B2: 팀 | C2: 상권 | D2: 유통 | E2: 매장명변환 | F2: 매장그룹명 | G2: 매장코드 | H2: 매장명 | I2: 거래구분 | J2: 계약구분 | K2: 관리구분 | L2: 온오프 | M2: 유통채널 | N2: 유통채널상세 | O2: 일반판매액 | P2: 일반판매수량 | Q2: 온라인판매액 | R2: 온라인판매수량 | S2: 온라인단독판매액 | T2: 온라인단독판매수량 | U2: 완불판매액 | V2: 완불판매수량 | W2: 예약판매액 | X2: 예약판매수량 | Y2: 소량단체판매액 | Z2: 소량단체판매수량 | AA2: 기타판매액 | AB2: 기타판매수량 | AC2: 판매액합계 | AD2: 판매수량합계 | AF2: 순수매출
B3: =IFERROR(VLOOKUP($H3,매장구분!$B:$Z,2,0),"") -> 리테일채널팀 | C3: =IFERROR(VLOOKUP($H3,매장구분!$B:$Z,3,0),"") -> 국내 | D3: =IFERROR(VLOOKUP($H3,매장구분!$B:$Z,5,0),"") -> 상설(위탁) | E3: =IFERROR(VLOOKUP($H3,매장구분!$B:$Z,9,0),"") -> LF스퀘어광양(상-위) | G3: 7526 | H3: LF스퀘어광양(상-위) | I3: 일반매장 | J3: 대리점 | K3: 위탁 | L3: 오프라인 | M3: 백화점 | N3: 백화점(대형) | O3: 5436000 | P3: 151 | Q3: 0 | R3: 0 | S3: 0 | T3: 0 | U3: 0 | V3: 0 | W3: 0 | X3: 0 | Y3: 0 | Z3: 0 | AA3: 0 | AB3: 0 | AC3: 5436000 | AD3: 151 | AF3: =IFERROR(AC3-Y3,"") -> 5436000
B4: =IFERROR(VLOOKUP($H4,매장구분!$B:$Z,2,0),"") -> 파트너채널팀 | C4: =IFERROR(VLOOKUP($H4,매장구분!$B:$Z,3,0),"") -> 면세 | D4: =IFERROR(VLOOKUP($H4,매장구분!$B:$Z,5,0),"") -> 면세 | E4: =IFERROR(VLOOKUP($H4,매장구분!$B:$Z,9,0),"") -> 롯데면세월드 | G4: 427 | H4: 롯데면세월드 | I4: 일반매장 | J4: 백화점특정 | K4: 위탁 | L4: 오프라인 | M4: 면세 | N4: 면세점 | O4: 33343000 | P4: 483 | Q4: 0 | R4: 0 | S4: 0 | T4: 0 | U4: 0 | V4: 0 | W4: 0 | X4: 0 | Y4: 491559600 | Z4: 3370 | AA4: 0 | AB4: 0 | AC4: 524902600 | AD4: 3853 | AF4: =IFERROR(AC4-Y4,"") -> 33343000
B5: =IFERROR(VLOOKUP($H5,매장구분!$B:$Z,2,0),"") -> E-biz | C5: =IFERROR(VLOOKUP($H5,매장구분!$B:$Z,3,0),"") -> 국내 | D5: =IFERROR(VLOOKUP($H5,매장구분!$B:$Z,5,0),"") -> 온(제휴몰) | E5: =IFERROR(VLOOKUP($H5,매장구분!$B:$Z,9,0),"") -> 네이버스토어(제휴몰) | G5: 8003 | H5: 네이버스토어(제휴몰) | I5: 일반매장 | J5: 직영점 | K5: 위탁 | L5: 온라인 | M5: 온라인 | N5: 제휴몰 | O5: 430060500 | P5: 4969 | Q5: 0 | R5: 0 | S5: 0 | T5: 0 | U5: 0 | V5: 0 | W5: 0 | X5: 0 | Y5: 0 | Z5: 0 | AA5: 0 | AB5: 0 | AC5: 430060500 | AD5: 4969 | AF5: =IFERROR(AC5-Y5,"") -> 430060500
B6: =IFERROR(VLOOKUP($H6,매장구분!$B:$Z,2,0),"") -> 파트너채널팀 | C6: =IFERROR(VLOOKUP($H6,매장구분!$B:$Z,3,0),"") -> 국내 | D6: =IFERROR(VLOOKUP($H6,매장구분!$B:$Z,5,0),"") -> 백화점 | E6: =IFERROR(VLOOKUP($H6,매장구분!$B:$Z,9,0),"") -> 롯데안산 | G6: 043 | H6: 롯데안산 | I6: 일반매장 | J6: 백화점특정 | K6: 위탁 | L6: 오프라인 | M6: 백화점 | N6: 백화점(대형) | O6: 37323800 | P6: 370 | Q6: 0 | R6: 0 | S6: 0 | T6: 0 | U6: 6037900 | V6: 35 | W6: 0 | X6: 0 | Y6: 35602000 | Z6: 158 | AA6: 0 | AB6: 0 | AC6: 78963700 | AD6: 563 | AF6: =IFERROR(AC6-Y6,"") -> 43361700
B7: =IFERROR(VLOOKUP($H7,매장구분!$B:$Z,2,0),"") -> E-biz | C7: =IFERROR(VLOOKUP($H7,매장구분!$B:$Z,3,0),"") -> 국내 | D7: =IFERROR(VLOOKUP($H7,매장구분!$B:$Z,5,0),"") -> 온(자사몰) | E7: =IFERROR(VLOOKUP($H7,매장구분!$B:$Z,9,0),"") -> 온라인쇼핑몰 | G7: 510 | H7: 온라인쇼핑몰(직) | I7: 일반매장 | J7: 직영점 | K7: 위탁 | L7: 온라인 | M7: 온라인 | N7: 자사몰 | O7: 643541830 | P7: 7313 | Q7: 0 | R7: 0 | S7: 0 | T7: 0 | U7: 0 | V7: 0 | W7: 0 | X7: 0 | Y7: 0 | Z7: 0 | AA7: 0 | AB7: 0 | AC7: 643541830 | AD7: 7313 | AF7: =IFERROR(AC7-Y7,"") -> 643541830
B8: =IFERROR(VLOOKUP($H8,매장구분!$B:$Z,2,0),"") -> 리테일채널팀 | C8: =IFERROR(VLOOKUP($H8,매장구분!$B:$Z,3,0),"") -> 국내 | D8: =IFERROR(VLOOKUP($H8,매장구분!$B:$Z,5,0),"") -> 대리점 | E8: =IFERROR(VLOOKUP($H8,매장구분!$B:$Z,9,0),"") -> 천안쌍용(대-위) | G8: 747 | H8: 천안쌍용(대-위)close | I8: 일반매장 | J8: 대리점 | K8: 위탁 | L8: 오프라인 | M8: 가두 | N8: 가두(대리) | O8: 14138900 | P8: 145 | Q8: 0 | R8: 0 | S8: 0 | T8: 0 | U8: 2876700 | V8: 15 | W8: 0 | X8: 0 | Y8: 5037100 | Z8: 45 | AA8: 0 | AB8: 0 | AC8: 22052700 | AD8: 205 | AF8: =IFERROR(AC8-Y8,"") -> 17015600
B9: =IFERROR(VLOOKUP($H9,매장구분!$B:$Z,2,0),"") -> 리테일채널팀 | C9: =IFERROR(VLOOKUP($H9,매장구분!$B:$Z,3,0),"") -> 국내 | D9: =IFERROR(VLOOKUP($H9,매장구분!$B:$Z,5,0),"") -> 대리점 | E9: =IFERROR(VLOOKUP($H9,매장구분!$B:$Z,9,0),"") -> 여수(대-위) | G9: 661 | H9: 여수(대-위) | I9: 일반매장 | J9: 대리점 | K9: 위탁 | L9: 오프라인 | M9: 가두 | N9: 가두(대리) | O9: 33277200 | P9: 324 | Q9: 0 | R9: 0 | S9: 0 | T9: 0 | U9: 3632600 | V9: 20 | W9: 0 | X9: 0 | Y9: 0 | Z9: 0 | AA9: 0 | AB9: 0 | AC9: 36909800 | AD9: 344 | AF9: =IFERROR(AC9-Y9,"") -> 36909800
B10: =IFERROR(VLOOKUP($H10,매장구분!$B:$Z,2,0),"") -> 파트너채널팀 | C10: =IFERROR(VLOOKUP($H10,매장구분!$B:$Z,3,0),"") -> 국내 | D10: =IFERROR(VLOOKUP($H10,매장구분!$B:$Z,5,0),"") -> 백화점 | E10: =IFERROR(VLOOKUP($H10,매장구분!$B:$Z,9,0),"") -> 롯데영등포 | G10: 161 | H10: 롯데영등포 | I10: 일반매장 | J10: 백화점특정 | K10: 위탁 | L10: 오프라인 | M10: 백화점 | N10: 백화점(대형) | O10: 41482568 | P10: 356 | Q10: 24193300 | R10: 316 | S10: 0 | T10: 0 | U10: 2934932 | V10: 16 | W10: 0 | X10: 0 | Y10: 0 | Z10: 0 | AA10: 0 | AB10: 0 | AC10: 68610800 | AD10: 688 | AF10: =IFERROR(AC10-Y10,"") -> 68610800
B11: =IFERROR(VLOOKUP($H11,매장구분!$B:$Z,2,0),"") -> 파트너채널팀 | C11: =IFERROR(VLOOKUP($H11,매장구분!$B:$Z,3,0),"") -> 국내 | D11: =IFERROR(VLOOKUP($H11,매장구분!$B:$Z,5,0),"") -> 백화점 | E11: =IFERROR(VLOOKUP($H11,매장구분!$B:$Z,9,0),"") -> 신세계대구 | G11: 080 | H11: 신세계대구 | I11: 일반매장 | J11: 백화점특정 | K11: 위탁 | L11: 오프라인 | M11: 백화점 | N11: 백화점(대형) | O11: 110402300 | P11: 1127 | Q11: 0 | R11: 0 | S11: 0 | T11: 0 | U11: 5345100 | V11: 34 | W11: 0 | X11: 0 | Y11: 27849000 | Z11: 201 | AA11: 0 | AB11: 0 | AC11: 143596400 | AD11: 1362 | AF11: =IFERROR(AC11-Y11,"") -> 115747400
B12: =IFERROR(VLOOKUP($H12,매장구분!$B:$Z,2,0),"") -> 리테일채널팀 | C12: =IFERROR(VLOOKUP($H12,매장구분!$B:$Z,3,0),"") -> 국내 | D12: =IFERROR(VLOOKUP($H12,매장구분!$B:$Z,5,0),"") -> 직영점 | E12: =IFERROR(VLOOKUP($H12,매장구분!$B:$Z,9,0),"") -> 동성로 | G12: 521 | H12: 동성로(직) | I12: 일반매장 | J12: 직영점 | K12: 위탁 | L12: 오프라인 | M12: 가두 | N12: 가두(직영) | O12: 53306800 | P12: 660 | Q12: 0 | R12: 0 | S12: 0 | T12: 0 | U12: 4212600 | V12: 20 | W12: 0 | X12: 0 | Y12: 0 | Z12: 0 | AA12: 0 | AB12: 0 | AC12: 57519400 | AD12: 680 | AF12: =IFERROR(AC12-Y12,"") -> 57519400
B13: =IFERROR(VLOOKUP($H13,매장구분!$B:$Z,2,0),"") -> 리테일채널팀 | C13: =IFERROR(VLOOKUP($H13,매장구분!$B:$Z,3,0),"") -> 국내 | D13: =IFERROR(VLOOKUP($H13,매장구분!$B:$Z,5,0),"") -> 대리점 | E13: =IFERROR(VLOOKUP($H13,매장구분!$B:$Z,9,0),"") -> 인천(대-위) | G13: 643 | H13: 인천(대-위) | I13: 일반매장 | J13: 대리점 | K13: 위탁 | L13: 오프라인 | M13: 가두 | N13: 가두(대리) | O13: 28638056 | P13: 240 | Q13: 0 | R13: 0 | S13: 0 | T13: 0 | U13: 8595344 | V13: 43 | W13: 0 | X13: 0 | Y13: 0 | Z13: 0 | AA13: 0 | AB13: 0 | AC13: 37233400 | AD13: 283 | AF13: =IFERROR(AC13-Y13,"") -> 37233400
B14: =IFERROR(VLOOKUP($H14,매장구분!$B:$Z,2,0),"") -> 파트너채널팀 | C14: =IFERROR(VLOOKUP($H14,매장구분!$B:$Z,3,0),"") -> 면세 | D14: =IFERROR(VLOOKUP($H14,매장구분!$B:$Z,5,0),"") -> 면세 | E14: =IFERROR(VLOOKUP($H14,매장구분!$B:$Z,9,0),"") -> 신세계면세명동 | G14: 431 | H14: 신세계면세명동 | I14: 일반매장 | J14: 백화점특정 | K14: 위탁 | L14: 오프라인 | M14: 면세 | N14: 면세점 | O14: 498359500 | P14: 7362 | Q14: 0 | R14: 0 | S14: 0 | T14: 0 | U14: 0 | V14: 0 | W14: 0 | X14: 0 | Y14: 426192500 | Z14: 6470 | AA14: 0 | AB14: 0 | AC14: 924552000 | AD14: 13832 | AF14: =IFERROR(AC14-Y14,"") -> 498359500
... B202: =IFERROR(VLOOKUP($H202,매장구분!$B:$Z,2,0),"") -> 리테일채널팀 | C202: =IFERROR(VLOOKUP($H202,매장구분!$B:$Z,3,0),"") -> 국내 | D202: =IFERROR(VLOOKUP($H202,매장구분!$B:$Z,5,0),"") -> 상설(위탁) | E202: =IFERROR(VLOOKUP($H202,매장구분!$B:$Z,9,0),"") -> 마리오(상-위) | G202: 7517 | H202: 마리오(상-위) | I202: 일반매장 | J202: 대리점 | K202: 위탁 | L202: 오프라인 | M202: 백화점 | N202: 백화점(중소) | O202: 4932000 | P202: 137 | Q202: 0 | R202: 0 | S202: 0 | T202: 0 | U202: 0 | V202: 0 | W202: 0 | X202: 0 | Y202: 0 | Z202: 0 | AA202: 0 | AB202: 0 | AC202: 4932000 | AD202: 137 | AF202: =IFERROR(AC202-Y202,"") -> 4932000
B203: =IFERROR(VLOOKUP($H203,매장구분!$B:$Z,2,0),"") | C203: =IFERROR(VLOOKUP($H203,매장구분!$B:$Z,3,0),"") | D203: =IFERROR(VLOOKUP($H203,매장구분!$B:$Z,5,0),"") | E203: =IFERROR(VLOOKUP($H203,매장구분!$B:$Z,9,0),"") | AF203: =IFERROR(AC203-Y203,"") -> 0
B204: =IFERROR(VLOOKUP($H204,매장구분!$B:$Z,2,0),"") | C204: =IFERROR(VLOOKUP($H204,매장구분!$B:$Z,3,0),"") | D204: =IFERROR(VLOOKUP($H204,매장구분!$B:$Z,5,0),"") | E204: =IFERROR(VLOOKUP($H204,매장구분!$B:$Z,9,0),"") | AF204: =IFERROR(AC204-Y204,"") -> 0
B205: =IFERROR(VLOOKUP($H205,매장구분!$B:$Z,2,0),"") | C205: =IFERROR(VLOOKUP($H205,매장구분!$B:$Z,3,0),"") | D205: =IFERROR(VLOOKUP($H205,매장구분!$B:$Z,5,0),"") | E205: =IFERROR(VLOOKUP($H205,매장구분!$B:$Z,9,0),"") | AF205: =IFERROR(AC205-Y205,"") -> 0
B206: =IFERROR(VLOOKUP($H206,매장구분!$B:$Z,2,0),"") | C206: =IFERROR(VLOOKUP($H206,매장구분!$B:$Z,3,0),"") | D206: =IFERROR(VLOOKUP($H206,매장구분!$B:$Z,5,0),"") | E206: =IFERROR(VLOOKUP($H206,매장구분!$B:$Z,9,0),"") | AF206: =IFERROR(AC206-Y206,"") -> 0
B207: =IFERROR(VLOOKUP($H207,매장구분!$B:$Z,2,0),"") | C207: =IFERROR(VLOOKUP($H207,매장구분!$B:$Z,3,0),"") | D207: =IFERROR(VLOOKUP($H207,매장구분!$B:$Z,5,0),"") | E207: =IFERROR(VLOOKUP($H207,매장구분!$B:$Z,9,0),"") | AF207: =IFERROR(AC207-Y207,"") -> 0
B208: =IFERROR(VLOOKUP($H208,매장구분!$B:$Z,2,0),"") | C208: =IFERROR(VLOOKUP($H208,매장구분!$B:$Z,3,0),"") | D208: =IFERROR(VLOOKUP($H208,매장구분!$B:$Z,5,0),"") | E208: =IFERROR(VLOOKUP($H208,매장구분!$B:$Z,9,0),"") | AF208: =IFERROR(AC208-Y208,"") -> 0
B209: =IFERROR(VLOOKUP($H209,매장구분!$B:$Z,2,0),"") | C209: =IFERROR(VLOOKUP($H209,매장구분!$B:$Z,3,0),"") | D209: =IFERROR(VLOOKUP($H209,매장구분!$B:$Z,5,0),"") | E209: =IFERROR(VLOOKUP($H209,매장구분!$B:$Z,9,0),"") | AF209: =IFERROR(AC209-Y209,"") -> 0
B210: =IFERROR(VLOOKUP($H210,매장구분!$B:$Z,2,0),"") | C210: =IFERROR(VLOOKUP($H210,매장구분!$B:$Z,3,0),"") | D210: =IFERROR(VLOOKUP($H210,매장구분!$B:$Z,5,0),"") | E210: =IFERROR(VLOOKUP($H210,매장구분!$B:$Z,9,0),"") | AF210: =IFERROR(AC210-Y210,"") -> 0
B211: =IFERROR(VLOOKUP($H211,매장구분!$B:$Z,2,0),"") | C211: =IFERROR(VLOOKUP($H211,매장구분!$B:$Z,3,0),"") | D211: =IFERROR(VLOOKUP($H211,매장구분!$B:$Z,5,0),"") | E211: =IFERROR(VLOOKUP($H211,매장구분!$B:$Z,9,0),"") | AF211: =IFERROR(AC211-Y211,"") -> 0
B212: =IFERROR(VLOOKUP($H212,매장구분!$B:$Z,2,0),"") | C212: =IFERROR(VLOOKUP($H212,매장구분!$B:$Z,3,0),"") | D212: =IFERROR(VLOOKUP($H212,매장구분!$B:$Z,5,0),"") | E212: =IFERROR(VLOOKUP($H212,매장구분!$B:$Z,9,0),"") | AF212: =IFERROR(AC212-Y212,"") -> 0
B213: =IFERROR(VLOOKUP($H213,매장구분!$B:$Z,2,0),"") | C213: =IFERROR(VLOOKUP($H213,매장구분!$B:$Z,3,0),"") | D213: =IFERROR(VLOOKUP($H213,매장구분!$B:$Z,5,0),"") | E213: =IFERROR(VLOOKUP($H213,매장구분!$B:$Z,9,0),"") | AF213: =IFERROR(AC213-Y213,"") -> 0
B214: =IFERROR(VLOOKUP($H214,매장구분!$B:$Z,2,0),"") | C214: =IFERROR(VLOOKUP($H214,매장구분!$B:$Z,3,0),"") | D214: =IFERROR(VLOOKUP($H214,매장구분!$B:$Z,5,0),"") | E214: =IFERROR(VLOOKUP($H214,매장구분!$B:$Z,9,0),"") | AF214: =IFERROR(AC214-Y214,"") -> 0
... B220: =IFERROR(VLOOKUP($H220,매장구분!$B:$Z,2,0),"") | C220: =IFERROR(VLOOKUP($H220,매장구분!$B:$Z,3,0),"") | D220: =IFERROR(VLOOKUP($H220,매장구분!$B:$Z,5,0),"") | E220: =IFERROR(VLOOKUP($H220,매장구분!$B:$Z,9,0),"") | AF220: =IFERROR(AC220-Y220,"") -> 0
AF221: =IFERROR(AC221-Y221,"") -> 0
AF222: =IFERROR(AC222-Y222,"") -> 0
AF223: =IFERROR(AC223-Y223,"") -> 0
AF224: =IFERROR(AC224-Y224,"") -> 0
AF225: =IFERROR(AC225-Y225,"") -> 0
AF226: =IFERROR(AC226-Y226,"") -> 0
AF227: =IFERROR(AC227-Y227,"") -> 0
AF228: =IFERROR(AC228-Y228,"") -> 0
AF229: =IFERROR(AC229-Y229,"") -> 0
AF230: =IFERROR(AC230-Y230,"") -> 0
AF231: =IFERROR(AC231-Y231,"") -> 0
AF232: =IFERROR(AC232-Y232,"") -> 0
... AF1945: =IFERROR(AC1945-Y1945,"") -> 0

Sheet 단체(전년)
A2: 주차 | B2: 팀 | C2: 상권 | D2: 유통 | E2: 매장명변환 | F2: 매장그룹명 | G2: 매장코드 | H2: 매장명 | I2: 거래구분 | J2: 계약구분 | K2: 관리구분 | L2: 온오프 | M2: 유통채널 | N2: 유통채널상세 | O2: 일반판매액 | P2: 일반판매수량 | Q2: 온라인판매액 | R2: 온라인판매수량 | S2: 온라인단독판매액 | T2: 온라인단독판매수량 | U2: 완불판매액 | V2: 완불판매수량 | W2: 예약판매액 | X2: 예약판매수량 | Y2: 소량단체판매액 | Z2: 소량단체판매수량 | AA2: 기타판매액 | AB2: 기타판매수량 | AC2: 판매액합계 | AD2: 판매수량합계 | AF2: 순수매출
A3: 1W | B3: =IFERROR(VLOOKUP($H3,매장구분!$B:$Z,2,0),"") -> 리테일채널팀 | C3: =IFERROR(VLOOKUP($H3,매장구분!$B:$Z,3,0),"") -> 국내 | D3: =IFERROR(VLOOKUP($H3,매장구분!$B:$Z,5,0),"") -> 상설(위탁) | E3: =IFERROR(VLOOKUP($H3,매장구분!$B:$Z,9,0),"") -> LF스퀘어광양(상-위) | G3: 7526 | H3: LF스퀘어광양(상-위) | I3: 일반매장 | J3: 대리점 | K3: 위탁 | L3: 오프라인 | M3: 백화점 | N3: 백화점(대형) | O3: 936000 | P3: 26 | Q3: 0 | R3: 0 | S3: 0 | T3: 0 | U3: 0 | V3: 0 | W3: 0 | X3: 0 | Y3: 0 | Z3: 0 | AA3: 0 | AB3: 0 | AC3: 936000 | AD3: 26 | AF3: =IFERROR(AC3-Y3,"") -> 936000
A4: 1W | B4: =IFERROR(VLOOKUP($H4,매장구분!$B:$Z,2,0),"") -> 리테일채널팀 | C4: =IFERROR(VLOOKUP($H4,매장구분!$B:$Z,3,0),"") -> 국내 | D4: =IFERROR(VLOOKUP($H4,매장구분!$B:$Z,5,0),"") -> 상설(위탁) | E4: =IFERROR(VLOOKUP($H4,매장구분!$B:$Z,9,0),"") -> 콜렉티드(상-위) | G4: 7520 | H4: 콜렉티드(상-위) | I4: 일반매장 | J4: 대리점 | K4: 위탁 | L4: 오프라인 | M4: 백화점아울렛 | N4: 백화점아울렛 | O4: 144000 | P4: 4 | Q4: 0 | R4: 0 | S4: 0 | T4: 0 | U4: 0 | V4: 0 | W4: 0 | X4: 0 | Y4: 0 | Z4: 0 | AA4: 0 | AB4: 0 | AC4: 144000 | AD4: 4 | AF4: =IFERROR(AC4-Y4,"") -> 144000
A5: 1W | B5: =IFERROR(VLOOKUP($H5,매장구분!$B:$Z,2,0),"") -> 파트너채널팀 | C5: =IFERROR(VLOOKUP($H5,매장구분!$B:$Z,3,0),"") -> 면세 | D5: =IFERROR(VLOOKUP($H5,매장구분!$B:$Z,5,0),"") -> 면세 | E5: =IFERROR(VLOOKUP($H5,매장구분!$B:$Z,9,0),"") -> 롯데면세월드 | G5: 427 | H5: 롯데면세월드 | I5: 일반매장 | J5: 백화점특정 | K5: 위탁 | L5: 오프라인 | M5: 면세 | N5: 면세점 | O5: 10907000 | P5: 204 | Q5: 0 | R5: 0 | S5: 0 | T5: 0 | U5: 0 | V5: 0 | W5: 0 | X5: 0 | Y5: 74695000 | Z5: 299 | AA5: 0 | AB5: 0 | AC5: 85602000 | AD5: 503 | AF5: =IFERROR(AC5-Y5,"") -> 10907000
A6: 1W | B6: =IFERROR(VLOOKUP($H6,매장구분!$B:$Z,2,0),"") -> 파트너채널팀 | C6: =IFERROR(VLOOKUP($H6,매장구분!$B:$Z,3,0),"") -> 면세 | D6: =IFERROR(VLOOKUP($H6,매장구분!$B:$Z,5,0),"") -> 면세 | E6: =IFERROR(VLOOKUP($H6,매장구분!$B:$Z,9,0),"") -> 롯데면세소공 | G6: 429 | H6: 롯데면세소공 | I6: 일반매장 | J6: 백화점특정 | K6: 위탁 | L6: 오프라인 | M6: 면세 | N6: 면세점 | O6: 38728000 | P6: 583 | Q6: 0 | R6: 0 | S6: 0 | T6: 0 | U6: 0 | V6: 0 | W6: 0 | X6: 0 | Y6: 57765000 | Z6: 881 | AA6: 0 | AB6: 0 | AC6: 96493000 | AD6: 1464 | AF6: =IFERROR(AC6-Y6,"") -> 38728000
A7: 1W | B7: =IFERROR(VLOOKUP($H7,매장구분!$B:$Z,2,0),"") -> 파트너채널팀 | C7: =IFERROR(VLOOKUP($H7,매장구분!$B:$Z,3,0),"") -> 면세 | D7: =IFERROR(VLOOKUP($H7,매장구분!$B:$Z,5,0),"") -> 면세 | E7: =IFERROR(VLOOKUP($H7,매장구분!$B:$Z,9,0),"") -> 신세계면세명동 | G7: 431 | H7: 신세계면세명동 | I7: 일반매장 | J7: 백화점특정 | K7: 위탁 | L7: 오프라인 | M7: 면세 | N7: 면세점 | O7: 30227800 | P7: 458 | Q7: 0 | R7: 0 | S7: 0 | T7: 0 | U7: 0 | V7: 0 | W7: 0 | X7: 0 | Y7: 17477000 | Z7: 276 | AA7: 0 | AB7: 0 | AC7: 47704800 | AD7: 734 | AF7: =IFERROR(AC7-Y7,"") -> 30227800
A8: 1W | B8: =IFERROR(VLOOKUP($H8,매장구분!$B:$Z,2,0),"") -> 파트너채널팀 | C8: =IFERROR(VLOOKUP($H8,매장구분!$B:$Z,3,0),"") -> 면세 | D8: =IFERROR(VLOOKUP($H8,매장구분!$B:$Z,5,0),"") -> 면세 | E8: =IFERROR(VLOOKUP($H8,매장구분!$B:$Z,9,0),"") -> 현대면세동대문 | G8: 444 | H8: 현대면세동대문close | I8: 일반매장 | J8: 백화점특정 | K8: 위탁 | L8: 오프라인 | M8: 면세 | N8: 면세점 | O8: 23847900 | P8: 349 | Q8: 0 | R8: 0 | S8: 0 | T8: 0 | U8: 0 | V8: 0 | W8: 0 | X8: 0 | Y8: 54288900 | Z8: 743 | AA8: 0 | AB8: 0 | AC8: 78136800 | AD8: 1092 | AF8: =IFERROR(AC8-Y8,"") -> 23847900
A9: 1W | B9: =IFERROR(VLOOKUP($H9,매장구분!$B:$Z,2,0),"") -> E-biz | C9: =IFERROR(VLOOKUP($H9,매장구분!$B:$Z,3,0),"") -> 국내 | D9: =IFERROR(VLOOKUP($H9,매장구분!$B:$Z,5,0),"") -> 온(자사몰) | E9: =IFERROR(VLOOKUP($H9,매장구분!$B:$Z,9,0),"") -> 온라인쇼핑몰 | G9: 510 | H9: 온라인쇼핑몰(직) | I9: 일반매장 | J9: 직영점 | K9: 위탁 | L9: 온라인 | M9: 온라인 | N9: 자사몰 | O9: 45397850 | P9: 598 | Q9: 0 | R9: 0 | S9: 0 | T9: 0 | U9: 0 | V9: 0 | W9: 0 | X9: 0 | Y9: 0 | Z9: 0 | AA9: 0 | AB9: 0 | AC9: 45397850 | AD9: 598 | AF9: =IFERROR(AC9-Y9,"") -> 45397850
A10: 1W | B10: =IFERROR(VLOOKUP($H10,매장구분!$B:$Z,2,0),"") -> 리테일채널팀 | C10: =IFERROR(VLOOKUP($H10,매장구분!$B:$Z,3,0),"") -> RF | D10: =IFERROR(VLOOKUP($H10,매장구분!$B:$Z,5,0),"") -> 직영점 | E10: =IFERROR(VLOOKUP($H10,매장구분!$B:$Z,9,0),"") -> 가로수길(직) | G10: 524 | H10: 가로수길(직) | I10: 일반매장 | J10: 직영점 | K10: 위탁 | L10: 오프라인 | M10: 가두 | N10: 가두(직영) | O10: 9419000 | P10: 116 | Q10: 0 | R10: 0 | S10: 0 | T10: 0 | U10: 59000 | V10: 1 | W10: 0 | X10: 0 | Y10: 0 | Z10: 0 | AA10: 0 | AB10: 0 | AC10: 9478000 | AD10: 117 | AF10: =IFERROR(AC10-Y10,"") -> 9478000
A11: 1W | B11: =IFERROR(VLOOKUP($H11,매장구분!$B:$Z,2,0),"") -> 리테일채널팀 | C11: =IFERROR(VLOOKUP($H11,매장구분!$B:$Z,3,0),"") -> 국내 | D11: =IFERROR(VLOOKUP($H11,매장구분!$B:$Z,5,0),"") -> 직영점 | E11: =IFERROR(VLOOKUP($H11,매장구분!$B:$Z,9,0),"") -> 스타필드하남(직) | G11: 535 | H11: 스타필드하남(직) | I11: 일반매장 | J11: 직영점 | K11: 위탁 | L11: 오프라인 | M11: 쇼핑몰 | N11: 쇼핑몰(대형) | O11: 7779100 | P11: 122 | Q11: 0 | R11: 0 | S11: 0 | T11: 0 | U11: 955000 | V11: 5 | W11: 0 | X11: 0 | Y11: 0 | Z11: 0 | AA11: 0 | AB11: 0 | AC11: 8734100 | AD11: 127 | AF11: =IFERROR(AC11-Y11,"") -> 8734100
A12: 1W | B12: =IFERROR(VLOOKUP($H12,매장구분!$B:$Z,2,0),"") -> 리테일채널팀 | C12: =IFERROR(VLOOKUP($H12,매장구분!$B:$Z,3,0),"") -> 국내 | D12: =IFERROR(VLOOKUP($H12,매장구분!$B:$Z,5,0),"") -> 직영점 | E12: =IFERROR(VLOOKUP($H12,매장구분!$B:$Z,9,0),"") -> 동성로 | G12: 521 | H12: 동성로(직) | I12: 일반매장 | J12: 직영점 | K12: 위탁 | L12: 오프라인 | M12: 가두 | N12: 가두(직영) | O12: 9396900 | P12: 115 | Q12: 0 | R12: 0 | S12: 0 | T12: 0 | U12: 735300 | V12: 3 | W12: 0 | X12: 0 | Y12: 0 | Z12: 0 | AA12: 0 | AB12: 0 | AC12: 10132200 | AD12: 118 | AF12: =IFERROR(AC12-Y12,"") -> 10132200
A13: 1W | B13: =IFERROR(VLOOKUP($H13,매장구분!$B:$Z,2,0),"") -> 리테일채널팀 | C13: =IFERROR(VLOOKUP($H13,매장구분!$B:$Z,3,0),"") -> 국내 | D13: =IFERROR(VLOOKUP($H13,매장구분!$B:$Z,5,0),"") -> 대리점 | E13: =IFERROR(VLOOKUP($H13,매장구분!$B:$Z,9,0),"") -> 보령(대-위) | G13: 6011 | H13: 보령(대-위) | I13: 일반매장 | J13: 대리점 | K13: 위탁 | L13: 오프라인 | M13: 가두 | N13: 가두(대리) | O13: 2397000 | P13: 21 | Q13: 0 | R13: 0 | S13: 0 | T13: 0 | U13: -239000 | V13: -1 | W13: 0 | X13: 0 | Y13: 0 | Z13: 0 | AA13: 0 | AB13: 0 | AC13: 2158000 | AD13: 20 | AF13: =IFERROR(AC13-Y13,"") -> 2158000
A14: 1W | B14: =IFERROR(VLOOKUP($H14,매장구분!$B:$Z,2,0),"") -> 리테일채널팀 | C14: =IFERROR(VLOOKUP($H14,매장구분!$B:$Z,3,0),"") -> 국내 | D14: =IFERROR(VLOOKUP($H14,매장구분!$B:$Z,5,0),"") -> 직영점 | E14: =IFERROR(VLOOKUP($H14,매장구분!$B:$Z,9,0),"") -> 스타필드고양 | G14: 525 | H14: 스타필드고양(직)close | I14: 일반매장 | J14: 직영점 | K14: 위탁 | L14: 오프라인 | M14: 쇼핑몰 | N14: 쇼핑몰(대형) | O14: 9902300 | P14: 155 | Q14: 0 | R14: 0 | S14: 0 | T14: 0 | U14: 1384800 | V14: 9 | W14: 0 | X14: 0 | Y14: 0 | Z14: 0 | AA14: 0 | AB14: 0 | AC14: 11287100 | AD14: 164 | AF14: =IFERROR(AC14-Y14,"") -> 11287100
... A991: 5W | B991: =IFERROR(VLOOKUP($H991,매장구분!$B:$Z,2,0),"") -> 리테일채널팀 | C991: =IFERROR(VLOOKUP($H991,매장구분!$B:$Z,3,0),"") -> 국내 | D991: =IFERROR(VLOOKUP($H991,매장구분!$B:$Z,5,0),"") -> 상설(위탁) | E991: =IFERROR(VLOOKUP($H991,매장구분!$B:$Z,9,0),"") -> LF스퀘어양주(상-위) | G991: 7527 | H991: LF스퀘어양주(상-위) | I991: 일반매장 | J991: 대리점 | K991: 위탁 | L991: 오프라인 | M991: 백화점 | N991: 백화점(대형) | O991: 1656000 | P991: 46 | Q991: 0 | R991: 0 | S991: 0 | T991: 0 | U991: 0 | V991: 0 | W991: 0 | X991: 0 | Y991: 0 | Z991: 0 | AA991: 0 | AB991: 0 | AC991: 1656000 | AD991: 46 | AF991: =IFERROR(AC991-Y991,"") -> 1656000
B992: =IFERROR(VLOOKUP($H992,매장구분!$B:$Z,2,0),"") | C992: =IFERROR(VLOOKUP($H992,매장구분!$B:$Z,3,0),"") | D992: =IFERROR(VLOOKUP($H992,매장구분!$B:$Z,5,0),"") | E992: =IFERROR(VLOOKUP($H992,매장구분!$B:$Z,9,0),"") | AF992: =IFERROR(AC992-Y992,"") -> 0
B993: =IFERROR(VLOOKUP($H993,매장구분!$B:$Z,2,0),"") | C993: =IFERROR(VLOOKUP($H993,매장구분!$B:$Z,3,0),"") | D993: =IFERROR(VLOOKUP($H993,매장구분!$B:$Z,5,0),"") | E993: =IFERROR(VLOOKUP($H993,매장구분!$B:$Z,9,0),"") | AF993: =IFERROR(AC993-Y993,"") -> 0
B994: =IFERROR(VLOOKUP($H994,매장구분!$B:$Z,2,0),"") | C994: =IFERROR(VLOOKUP($H994,매장구분!$B:$Z,3,0),"") | D994: =IFERROR(VLOOKUP($H994,매장구분!$B:$Z,5,0),"") | E994: =IFERROR(VLOOKUP($H994,매장구분!$B:$Z,9,0),"") | AF994: =IFERROR(AC994-Y994,"") -> 0
B995: =IFERROR(VLOOKUP($H995,매장구분!$B:$Z,2,0),"") | C995: =IFERROR(VLOOKUP($H995,매장구분!$B:$Z,3,0),"") | D995: =IFERROR(VLOOKUP($H995,매장구분!$B:$Z,5,0),"") | E995: =IFERROR(VLOOKUP($H995,매장구분!$B:$Z,9,0),"") | AF995: =IFERROR(AC995-Y995,"") -> 0
B996: =IFERROR(VLOOKUP($H996,매장구분!$B:$Z,2,0),"") | C996: =IFERROR(VLOOKUP($H996,매장구분!$B:$Z,3,0),"") | D996: =IFERROR(VLOOKUP($H996,매장구분!$B:$Z,5,0),"") | E996: =IFERROR(VLOOKUP($H996,매장구분!$B:$Z,9,0),"") | AF996: =IFERROR(AC996-Y996,"") -> 0
B997: =IFERROR(VLOOKUP($H997,매장구분!$B:$Z,2,0),"") | C997: =IFERROR(VLOOKUP($H997,매장구분!$B:$Z,3,0),"") | D997: =IFERROR(VLOOKUP($H997,매장구분!$B:$Z,5,0),"") | E997: =IFERROR(VLOOKUP($H997,매장구분!$B:$Z,9,0),"") | AF997: =IFERROR(AC997-Y997,"") -> 0
B998: =IFERROR(VLOOKUP($H998,매장구분!$B:$Z,2,0),"") | C998: =IFERROR(VLOOKUP($H998,매장구분!$B:$Z,3,0),"") | D998: =IFERROR(VLOOKUP($H998,매장구분!$B:$Z,5,0),"") | E998: =IFERROR(VLOOKUP($H998,매장구분!$B:$Z,9,0),"") | AF998: =IFERROR(AC998-Y998,"") -> 0
B999: =IFERROR(VLOOKUP($H999,매장구분!$B:$Z,2,0),"") | C999: =IFERROR(VLOOKUP($H999,매장구분!$B:$Z,3,0),"") | D999: =IFERROR(VLOOKUP($H999,매장구분!$B:$Z,5,0),"") | E999: =IFERROR(VLOOKUP($H999,매장구분!$B:$Z,9,0),"") | AF999: =IFERROR(AC999-Y999,"") -> 0
B1000: =IFERROR(VLOOKUP($H1000,매장구분!$B:$Z,2,0),"") | C1000: =IFERROR(VLOOKUP($H1000,매장구분!$B:$Z,3,0),"") | D1000: =IFERROR(VLOOKUP($H1000,매장구분!$B:$Z,5,0),"") | E1000: =IFERROR(VLOOKUP($H1000,매장구분!$B:$Z,9,0),"") | AF1000: =IFERROR(AC1000-Y1000,"") -> 0
B1001: =IFERROR(VLOOKUP($H1001,매장구분!$B:$Z,2,0),"") | C1001: =IFERROR(VLOOKUP($H1001,매장구분!$B:$Z,3,0),"") | D1001: =IFERROR(VLOOKUP($H1001,매장구분!$B:$Z,5,0),"") | E1001: =IFERROR(VLOOKUP($H1001,매장구분!$B:$Z,9,0),"") | AF1001: =IFERROR(AC1001-Y1001,"") -> 0
B1002: =IFERROR(VLOOKUP($H1002,매장구분!$B:$Z,2,0),"") | C1002: =IFERROR(VLOOKUP($H1002,매장구분!$B:$Z,3,0),"") | D1002: =IFERROR(VLOOKUP($H1002,매장구분!$B:$Z,5,0),"") | E1002: =IFERROR(VLOOKUP($H1002,매장구분!$B:$Z,9,0),"") | AF1002: =IFERROR(AC1002-Y1002,"") -> 0
B1003: =IFERROR(VLOOKUP($H1003,매장구분!$B:$Z,2,0),"") | C1003: =IFERROR(VLOOKUP($H1003,매장구분!$B:$Z,3,0),"") | D1003: =IFERROR(VLOOKUP($H1003,매장구분!$B:$Z,5,0),"") | E1003: =IFERROR(VLOOKUP($H1003,매장구분!$B:$Z,9,0),"") | AF1003: =IFERROR(AC1003-Y1003,"") -> 0
... B1035: =IFERROR(VLOOKUP($H1035,매장구분!$B:$Z,2,0),"") | C1035: =IFERROR(VLOOKUP($H1035,매장구분!$B:$Z,3,0),"") | D1035: =IFERROR(VLOOKUP($H1035,매장구분!$B:$Z,5,0),"") | E1035: =IFERROR(VLOOKUP($H1035,매장구분!$B:$Z,9,0),"") | AF1035: =IFERROR(AC1035-Y1035,"") -> 0
AF1036: =IFERROR(AC1036-Y1036,"") -> 0
AF1037: =IFERROR(AC1037-Y1037,"") -> 0
AF1038: =IFERROR(AC1038-Y1038,"") -> 0
AF1039: =IFERROR(AC1039-Y1039,"") -> 0
AF1040: =IFERROR(AC1040-Y1040,"") -> 0
AF1041: =IFERROR(AC1041-Y1041,"") -> 0
AF1042: =IFERROR(AC1042-Y1042,"") -> 0
AF1043: =IFERROR(AC1043-Y1043,"") -> 0
AF1044: =IFERROR(AC1044-Y1044,"") -> 0
AF1045: =IFERROR(AC1045-Y1045,"") -> 0
AF1046: =IFERROR(AC1046-Y1046,"") -> 0
AF1047: =IFERROR(AC1047-Y1047,"") -> 0
... AF1945: =IFERROR(AC1945-Y1945,"") -> 0

Sheet 단체(전년마감)
A2: 주차 | B2: 팀 | C2: 상권 | D2: 유통 | E2: 매장명변환 | F2: 매장그룹명 | G2: 매장코드 | H2: 매장명 | I2: 거래구분 | J2: 계약구분 | K2: 관리구분 | L2: 온오프 | M2: 유통채널 | N2: 유통채널상세 | O2: 일반판매액 | P2: 일반판매수량 | Q2: 온라인판매액 | R2: 온라인판매수량 | S2: 온라인단독판매액 | T2: 온라인단독판매수량 | U2: 완불판매액 | V2: 완불판매수량 | W2: 예약판매액 | X2: 예약판매수량 | Y2: 소량단체판매액 | Z2: 소량단체판매수량 | AA2: 기타판매액 | AB2: 기타판매수량 | AC2: 판매액합계 | AD2: 판매수량합계 | AF2: 순수매출
B3: =IFERROR(VLOOKUP($H3,매장구분!$B:$Z,2,0),"") -> 리테일채널팀 | C3: =IFERROR(VLOOKUP($H3,매장구분!$B:$Z,3,0),"") -> 국내 | D3: =IFERROR(VLOOKUP($H3,매장구분!$B:$Z,5,0),"") -> 상설(위탁) | E3: =IFERROR(VLOOKUP($H3,매장구분!$B:$Z,9,0),"") -> LF스퀘어광양(상-위) | G3: 7526 | H3: LF스퀘어광양(상-위) | I3: 일반매장 | J3: 대리점 | K3: 위탁 | L3: 오프라인 | M3: 백화점 | N3: 백화점(대형) | O3: 7200000 | P3: 200 | Q3: 0 | R3: 0 | S3: 0 | T3: 0 | U3: 0 | V3: 0 | W3: 0 | X3: 0 | Y3: 0 | Z3: 0 | AA3: 0 | AB3: 0 | AC3: 7200000 | AD3: 200 | AF3: =IFERROR(AC3-Y3,"") -> 7200000
B4: =IFERROR(VLOOKUP($H4,매장구분!$B:$Z,2,0),"") -> E-biz | C4: =IFERROR(VLOOKUP($H4,매장구분!$B:$Z,3,0),"") -> 국내 | D4: =IFERROR(VLOOKUP($H4,매장구분!$B:$Z,5,0),"") -> 온(자사몰) | E4: =IFERROR(VLOOKUP($H4,매장구분!$B:$Z,9,0),"") -> 온라인쇼핑몰 | G4: 510 | H4: 온라인쇼핑몰(직) | I4: 일반매장 | J4: 직영점 | K4: 위탁 | L4: 온라인 | M4: 온라인 | N4: 자사몰 | O4: 898820620 | P4: 9962 | Q4: 0 | R4: 0 | S4: 0 | T4: 0 | U4: 0 | V4: 0 | W4: 0 | X4: 0 | Y4: 0 | Z4: 0 | AA4: 0 | AB4: 0 | AC4: 898820620 | AD4: 9962 | AF4: =IFERROR(AC4-Y4,"") -> 898820620
B5: =IFERROR(VLOOKUP($H5,매장구분!$B:$Z,2,0),"") -> 파트너채널팀 | C5: =IFERROR(VLOOKUP($H5,매장구분!$B:$Z,3,0),"") -> 면세 | D5: =IFERROR(VLOOKUP($H5,매장구분!$B:$Z,5,0),"") -> 면세 | E5: =IFERROR(VLOOKUP($H5,매장구분!$B:$Z,9,0),"") -> 롯데면세월드 | G5: 427 | H5: 롯데면세월드 | I5: 일반매장 | J5: 백화점특정 | K5: 위탁 | L5: 오프라인 | M5: 면세 | N5: 면세점 | O5: 41343600 | P5: 596 | Q5: 0 | R5: 0 | S5: 0 | T5: 0 | U5: 0 | V5: 0 | W5: 0 | X5: 0 | Y5: 677195600 | Z5: 4825 | AA5: 0 | AB5: 0 | AC5: 718539200 | AD5: 5421 | AF5: =IFERROR(AC5-Y5,"") -> 41343600
B6: =IFERROR(VLOOKUP($H6,매장구분!$B:$Z,2,0),"") -> 리테일채널팀 | C6: =IFERROR(VLOOKUP($H6,매장구분!$B:$Z,3,0),"") -> 국내 | D6: =IFERROR(VLOOKUP($H6,매장구분!$B:$Z,5,0),"") -> 대리점 | E6: =IFERROR(VLOOKUP($H6,매장구분!$B:$Z,9,0),"") -> 인천(대-위) | G6: 643 | H6: 인천(대-위) | I6: 일반매장 | J6: 대리점 | K6: 위탁 | L6: 오프라인 | M6: 가두 | N6: 가두(대리) | O6: 37709056 | P6: 319 | Q6: 0 | R6: 0 | S6: 0 | T6: 0 | U6: 12737344 | V6: 64 | W6: 0 | X6: 0 | Y6: 0 | Z6: 0 | AA6: 0 | AB6: 0 | AC6: 50446400 | AD6: 383 | AF6: =IFERROR(AC6-Y6,"") -> 50446400
B7: =IFERROR(VLOOKUP($H7,매장구분!$B:$Z,2,0),"") -> 파트너채널팀 | C7: =IFERROR(VLOOKUP($H7,매장구분!$B:$Z,3,0),"") -> 면세 | D7: =IFERROR(VLOOKUP($H7,매장구분!$B:$Z,5,0),"") -> 면세 | E7: =IFERROR(VLOOKUP($H7,매장구분!$B:$Z,9,0),"") -> 현대면세동대문 | G7: 444 | H7: 현대면세동대문close | I7: 일반매장 | J7: 백화점특정 | K7: 위탁 | L7: 오프라인 | M7: 면세 | N7: 면세점 | O7: 595092900 | P7: 7778 | Q7: 0 | R7: 0 | S7: 0 | T7: 0 | U7: 0 | V7: 0 | W7: 0 | X7: 0 | Y7: 746266200 | Z7: 9904 | AA7: 0 | AB7: 0 | AC7: 1341359100 | AD7: 17682 | AF7: =IFERROR(AC7-Y7,"") -> 595092900
B8: =IFERROR(VLOOKUP($H8,매장구분!$B:$Z,2,0),"") -> E-biz | C8: =IFERROR(VLOOKUP($H8,매장구분!$B:$Z,3,0),"") -> 국내 | D8: =IFERROR(VLOOKUP($H8,매장구분!$B:$Z,5,0),"") -> 온(제휴몰) | E8: =IFERROR(VLOOKUP($H8,매장구분!$B:$Z,9,0),"") -> 네이버스토어(제휴몰) | G8: 8003 | H8: 네이버스토어(제휴몰) | I8: 일반매장 | J8: 직영점 | K8: 위탁 | L8: 온라인 | M8: 온라인 | N8: 제휴몰 | O8: 618288800 | P8: 6909 | Q8: 0 | R8: 0 | S8: 0 | T8: 0 | U8: 0 | V8: 0 | W8: 0 | X8: 0 | Y8: 0 | Z8: 0 | AA8: 0 | AB8: 0 | AC8: 618288800 | AD8: 6909 | AF8: =IFERROR(AC8-Y8,"") -> 618288800
B9: =IFERROR(VLOOKUP($H9,매장구분!$B:$Z,2,0),"") -> E-biz | C9: =IFERROR(VLOOKUP($H9,매장구분!$B:$Z,3,0),"") -> 국내 | D9: =IFERROR(VLOOKUP($H9,매장구분!$B:$Z,5,0),"") -> 온(제휴몰) | E9: =IFERROR(VLOOKUP($H9,매장구분!$B:$Z,9,0),"") -> 무신사(제휴몰) | G9: 8001 | H9: 무신사(제휴몰) | I9: 일반매장 | J9: 직영점 | K9: 위탁 | L9: 온라인 | M9: 온라인 | N9: 제휴몰 | O9: 1029758010 | P9: 11413 | Q9: 0 | R9: 0 | S9: 0 | T9: 0 | U9: 0 | V9: 0 | W9: 0 | X9: 0 | Y9: 0 | Z9: 0 | AA9: 0 | AB9: 0 | AC9: 1029758010 | AD9: 11413 | AF9: =IFERROR(AC9-Y9,"") -> 1029758010
B10: =IFERROR(VLOOKUP($H10,매장구분!$B:$Z,2,0),"") -> 리테일채널팀 | C10: =IFERROR(VLOOKUP($H10,매장구분!$B:$Z,3,0),"") -> 국내 | D10: =IFERROR(VLOOKUP($H10,매장구분!$B:$Z,5,0),"") -> 대리점 | E10: =IFERROR(VLOOKUP($H10,매장구분!$B:$Z,9,0),"") -> 아산(대-위) | G10: 6029 | H10: 아산(대-위) | I10: 일반매장 | J10: 대리점 | K10: 위탁 | L10: 오프라인 | M10: 가두 | N10: 가두(대리) | O10: 49069405 | P10: 440 | Q10: 0 | R10: 0 | S10: 0 | T10: 0 | U10: 14987447 | V10: 107 | W10: 0 | X10: 0 | Y10: 0 | Z10: 0 | AA10: 0 | AB10: 0 | AC10: 64056852 | AD10: 547 | AF10: =IFERROR(AC10-Y10,"") -> 64056852
B11: =IFERROR(VLOOKUP($H11,매장구분!$B:$Z,2,0),"") -> 파트너채널팀 | C11: =IFERROR(VLOOKUP($H11,매장구분!$B:$Z,3,0),"") -> 국내 | D11: =IFERROR(VLOOKUP($H11,매장구분!$B:$Z,5,0),"") -> 백화점 | E11: =IFERROR(VLOOKUP($H11,매장구분!$B:$Z,9,0),"") -> 롯데영등포 | G11: 161 | H11: 롯데영등포 | I11: 일반매장 | J11: 백화점특정 | K11: 위탁 | L11: 오프라인 | M11: 백화점 | N11: 백화점(대형) | O11: 59779868 | P11: 495 | Q11: 30544000 | R11: 382 | S11: 0 | T11: 0 | U11: 5132932 | V11: 28 | W11: 0 | X11: 0 | Y11: 2092500 | Z11: 15 | AA11: 0 | AB11: 0 | AC11: 97549300 | AD11: 920 | AF11: =IFERROR(AC11-Y11,"") -> 95456800
B12: =IFERROR(VLOOKUP($H12,매장구분!$B:$Z,2,0),"") -> 리테일채널팀 | C12: =IFERROR(VLOOKUP($H12,매장구분!$B:$Z,3,0),"") -> 국내 | D12: =IFERROR(VLOOKUP($H12,매장구분!$B:$Z,5,0),"") -> 직영점 | E12: =IFERROR(VLOOKUP($H12,매장구분!$B:$Z,9,0),"") -> 타임스퀘어영등포(직) | G12: 509 | H12: 타임스퀘어영등포(직) | I12: 일반매장 | J12: 직영점 | K12: 위탁 | L12: 오프라인 | M12: 쇼핑몰 | N12: 쇼핑몰(대형) | O12: 110368860 | P12: 1150 | Q12: 0 | R12: 0 | S12: 0 | T12: 0 | U12: 3388540 | V12: 23 | W12: 0 | X12: 0 | Y12: 0 | Z12: 0 | AA12: 0 | AB12: 0 | AC12: 113757400 | AD12: 1173 | AF12: =IFERROR(AC12-Y12,"") -> 113757400
B13: =IFERROR(VLOOKUP($H13,매장구분!$B:$Z,2,0),"") -> E-biz | C13: =IFERROR(VLOOKUP($H13,매장구분!$B:$Z,3,0),"") -> 국내 | D13: =IFERROR(VLOOKUP($H13,매장구분!$B:$Z,5,0),"") -> 온(제휴몰) | E13: =IFERROR(VLOOKUP($H13,매장구분!$B:$Z,9,0),"") -> 카카오선물하기(제휴몰) | G13: 8005 | H13: 카카오선물하기(제휴몰) | I13: 일반매장 | J13: 직영점 | K13: 위탁 | L13: 온라인 | M13: 온라인 | N13: 제휴몰 | O13: 197544800 | P13: 5093 | Q13: 0 | R13: 0 | S13: 0 | T13: 0 | U13: 0 | V13: 0 | W13: 0 | X13: 0 | Y13: 0 | Z13: 0 | AA13: 0 | AB13: 0 | AC13: 197544800 | AD13: 5093 | AF13: =IFERROR(AC13-Y13,"") -> 197544800
B14: =IFERROR(VLOOKUP($H14,매장구분!$B:$Z,2,0),"") -> 리테일채널팀 | C14: =IFERROR(VLOOKUP($H14,매장구분!$B:$Z,3,0),"") -> 국내 | D14: =IFERROR(VLOOKUP($H14,매장구분!$B:$Z,5,0),"") -> 대리점 | E14: =IFERROR(VLOOKUP($H14,매장구분!$B:$Z,9,0),"") -> 여수(대-위) | G14: 661 | H14: 여수(대-위) | I14: 일반매장 | J14: 대리점 | K14: 위탁 | L14: 오프라인 | M14: 가두 | N14: 가두(대리) | O14: 47465250 | P14: 459 | Q14: 0 | R14: 0 | S14: 0 | T14: 0 | U14: 4430850 | V14: 27 | W14: 0 | X14: 0 | Y14: 0 | Z14: 0 | AA14: 0 | AB14: 0 | AC14: 51896100 | AD14: 486 | AF14: =IFERROR(AC14-Y14,"") -> 51896100
... B203: =IFERROR(VLOOKUP($H203,매장구분!$B:$Z,2,0),"") -> 리테일채널팀 | C203: =IFERROR(VLOOKUP($H203,매장구분!$B:$Z,3,0),"") -> 국내 | D203: =IFERROR(VLOOKUP($H203,매장구분!$B:$Z,5,0),"") -> 상설(위탁) | E203: =IFERROR(VLOOKUP($H203,매장구분!$B:$Z,9,0),"") -> 마리오(상-위) | G203: 7517 | H203: 마리오(상-위) | I203: 일반매장 | J203: 대리점 | K203: 위탁 | L203: 오프라인 | M203: 백화점 | N203: 백화점(중소) | O203: 6048000 | P203: 168 | Q203: 0 | R203: 0 | S203: 0 | T203: 0 | U203: 0 | V203: 0 | W203: 0 | X203: 0 | Y203: 0 | Z203: 0 | AA203: 0 | AB203: 0 | AC203: 6048000 | AD203: 168 | AF203: =IFERROR(AC203-Y203,"") -> 6048000
B204: =IFERROR(VLOOKUP($H204,매장구분!$B:$Z,2,0),"") | C204: =IFERROR(VLOOKUP($H204,매장구분!$B:$Z,3,0),"") | D204: =IFERROR(VLOOKUP($H204,매장구분!$B:$Z,5,0),"") | E204: =IFERROR(VLOOKUP($H204,매장구분!$B:$Z,9,0),"") | AF204: =IFERROR(AC204-Y204,"") -> 0
B205: =IFERROR(VLOOKUP($H205,매장구분!$B:$Z,2,0),"") | C205: =IFERROR(VLOOKUP($H205,매장구분!$B:$Z,3,0),"") | D205: =IFERROR(VLOOKUP($H205,매장구분!$B:$Z,5,0),"") | E205: =IFERROR(VLOOKUP($H205,매장구분!$B:$Z,9,0),"") | AF205: =IFERROR(AC205-Y205,"") -> 0
B206: =IFERROR(VLOOKUP($H206,매장구분!$B:$Z,2,0),"") | C206: =IFERROR(VLOOKUP($H206,매장구분!$B:$Z,3,0),"") | D206: =IFERROR(VLOOKUP($H206,매장구분!$B:$Z,5,0),"") | E206: =IFERROR(VLOOKUP($H206,매장구분!$B:$Z,9,0),"") | AF206: =IFERROR(AC206-Y206,"") -> 0
B207: =IFERROR(VLOOKUP($H207,매장구분!$B:$Z,2,0),"") | C207: =IFERROR(VLOOKUP($H207,매장구분!$B:$Z,3,0),"") | D207: =IFERROR(VLOOKUP($H207,매장구분!$B:$Z,5,0),"") | E207: =IFERROR(VLOOKUP($H207,매장구분!$B:$Z,9,0),"") | AF207: =IFERROR(AC207-Y207,"") -> 0
B208: =IFERROR(VLOOKUP($H208,매장구분!$B:$Z,2,0),"") | C208: =IFERROR(VLOOKUP($H208,매장구분!$B:$Z,3,0),"") | D208: =IFERROR(VLOOKUP($H208,매장구분!$B:$Z,5,0),"") | E208: =IFERROR(VLOOKUP($H208,매장구분!$B:$Z,9,0),"") | AF208: =IFERROR(AC208-Y208,"") -> 0
B209: =IFERROR(VLOOKUP($H209,매장구분!$B:$Z,2,0),"") | C209: =IFERROR(VLOOKUP($H209,매장구분!$B:$Z,3,0),"") | D209: =IFERROR(VLOOKUP($H209,매장구분!$B:$Z,5,0),"") | E209: =IFERROR(VLOOKUP($H209,매장구분!$B:$Z,9,0),"") | AF209: =IFERROR(AC209-Y209,"") -> 0
B210: =IFERROR(VLOOKUP($H210,매장구분!$B:$Z,2,0),"") | C210: =IFERROR(VLOOKUP($H210,매장구분!$B:$Z,3,0),"") | D210: =IFERROR(VLOOKUP($H210,매장구분!$B:$Z,5,0),"") | E210: =IFERROR(VLOOKUP($H210,매장구분!$B:$Z,9,0),"") | AF210: =IFERROR(AC210-Y210,"") -> 0
B211: =IFERROR(VLOOKUP($H211,매장구분!$B:$Z,2,0),"") | C211: =IFERROR(VLOOKUP($H211,매장구분!$B:$Z,3,0),"") | D211: =IFERROR(VLOOKUP($H211,매장구분!$B:$Z,5,0),"") | E211: =IFERROR(VLOOKUP($H211,매장구분!$B:$Z,9,0),"") | AF211: =IFERROR(AC211-Y211,"") -> 0
B212: =IFERROR(VLOOKUP($H212,매장구분!$B:$Z,2,0),"") | C212: =IFERROR(VLOOKUP($H212,매장구분!$B:$Z,3,0),"") | D212: =IFERROR(VLOOKUP($H212,매장구분!$B:$Z,5,0),"") | E212: =IFERROR(VLOOKUP($H212,매장구분!$B:$Z,9,0),"") | AF212: =IFERROR(AC212-Y212,"") -> 0
B213: =IFERROR(VLOOKUP($H213,매장구분!$B:$Z,2,0),"") | C213: =IFERROR(VLOOKUP($H213,매장구분!$B:$Z,3,0),"") | D213: =IFERROR(VLOOKUP($H213,매장구분!$B:$Z,5,0),"") | E213: =IFERROR(VLOOKUP($H213,매장구분!$B:$Z,9,0),"") | AF213: =IFERROR(AC213-Y213,"") -> 0
B214: =IFERROR(VLOOKUP($H214,매장구분!$B:$Z,2,0),"") | C214: =IFERROR(VLOOKUP($H214,매장구분!$B:$Z,3,0),"") | D214: =IFERROR(VLOOKUP($H214,매장구분!$B:$Z,5,0),"") | E214: =IFERROR(VLOOKUP($H214,매장구분!$B:$Z,9,0),"") | AF214: =IFERROR(AC214-Y214,"") -> 0
B215: =IFERROR(VLOOKUP($H215,매장구분!$B:$Z,2,0),"") | C215: =IFERROR(VLOOKUP($H215,매장구분!$B:$Z,3,0),"") | D215: =IFERROR(VLOOKUP($H215,매장구분!$B:$Z,5,0),"") | E215: =IFERROR(VLOOKUP($H215,매장구분!$B:$Z,9,0),"") | AF215: =IFERROR(AC215-Y215,"") -> 0
... B1035: =IFERROR(VLOOKUP($H1035,매장구분!$B:$Z,2,0),"") | C1035: =IFERROR(VLOOKUP($H1035,매장구분!$B:$Z,3,0),"") | D1035: =IFERROR(VLOOKUP($H1035,매장구분!$B:$Z,5,0),"") | E1035: =IFERROR(VLOOKUP($H1035,매장구분!$B:$Z,9,0),"") | AF1035: =IFERROR(AC1035-Y1035,"") -> 0
AF1036: =IFERROR(AC1036-Y1036,"") -> 0
AF1037: =IFERROR(AC1037-Y1037,"") -> 0
AF1038: =IFERROR(AC1038-Y1038,"") -> 0
AF1039: =IFERROR(AC1039-Y1039,"") -> 0
AF1040: =IFERROR(AC1040-Y1040,"") -> 0
AF1041: =IFERROR(AC1041-Y1041,"") -> 0
AF1042: =IFERROR(AC1042-Y1042,"") -> 0
AF1043: =IFERROR(AC1043-Y1043,"") -> 0
AF1044: =IFERROR(AC1044-Y1044,"") -> 0
AF1045: =IFERROR(AC1045-Y1045,"") -> 0
AF1046: =IFERROR(AC1046-Y1046,"") -> 0
AF1047: =IFERROR(AC1047-Y1047,"") -> 0
... AF1945: =IFERROR(AC1945-Y1945,"") -> 0

Sheet 당년
L1: 오늘 몇일 | M1: =DAY(TODAY()) -> 24 | P1: =DAY(P5) -> 1 | Q1: =DAY(Q5) -> 2 | R1: =DAY(R5) -> 3 | S1: =DAY(S5) -> 4 | T1: =DAY(T5) -> 5 | U1: =DAY(U5) -> 6 | V1: =DAY(V5) -> 7 | W1: =DAY(W5) -> 8 | ... AT1: =DAY(AT5) -> 1
P2: =IF(P1<$M$1,"동일","") -> 동일 | Q2: =IF(Q1<$M$1,"동일","") -> 동일 | R2: =IF(R1<$M$1,"동일","") -> 동일 | S2: =IF(S1<$M$1,"동일","") -> 동일 | T2: =IF(T1<$M$1,"동일","") -> 동일 | U2: =IF(U1<$M$1,"동일","") -> 동일 | V2: =IF(V1<$M$1,"동일","") -> 동일 | W2: =IF(W1<$M$1,"동일","") -> 동일 | ... AS2: =IF(AS1<$M$1,"동일","")
P3: 1 | Q3: 1 | R3: 2 | S3: 2 | T3: 2 | U3: 2 | V3: 2 | W3: 2 | X3: 2 | Y3: 3 | Z3: 3 | AA3: 3 | AB3: 3 | AC3: 3 | AD3: 3 | AE3: 3 | AF3: 4 | AG3: 4 | AH3: 4 | AI3: 4 | AJ3: 4 | AK3: 4 | AL3: 4 | AM3: 5 | AN3: 5 | AO3: 5 | AP3: 5 | AQ3: 5 | AR3: 5 | AS3: 5 | AT3: 5 | AW3: 1 | AX3: 2 | AY3: 3 | AZ3: 4 | BA3: 5 | BC3: 동일
P4: 토 | Q4: 일 | R4: 월 | S4: 화 | T4: 수 | U4: 목 | V4: 금 | W4: 토 | X4: 일 | Y4: 월 | Z4: 화 | AA4: 수 | AB4: 목 | AC4: 금 | AD4: 토 | AE4: 일 | AF4: 월 | AG4: 화 | AH4: 수 | AI4: 목 | AJ4: 금 | AK4: 토 | AL4: 일 | AM4: 월 | AN4: 화 | AO4: 수 | AP4: 목 | AQ4: 금 | AR4: 토 | AS4: 일 | AT4: 월 | AW4: =SUBTOTAL(9,AW$6:AW$436) -> 3080371793 | AX4: =SUBTOTAL(9,AX$6:AX$436) -> 7723441468 | AY4: =SUBTOTAL(9,AY$6:AY$436) -> 7283929073 | AZ4: =SUBTOTAL(9,AZ$6:AZ$436) -> 7814770263 | BA4: =SUBTOTAL(9,BA$6:BA$436) -> 0 | BC4: =SUBTOTAL(9,BC$6:BC$436) -> 25902512597
A5: 팀 | B5: 상권 | C5: 유통 | D5: 매장명변환 | E5: 매장코드 | F5: 매장명 | G5: 판매수량 | H5: 판매액 | I5: 판매택가 | J5: 정상_판매수량 | K5: 정상_판매액 | L5: 정상_판매택가 | M5: 반품_판매수량 | N5: 반품_판매액 | O5: 반품_판매택가 | P5: 45962 | Q5: =P5+1 -> 45963 | R5: =Q5+1 -> 45964 | S5: =R5+1 -> 45965 | T5: =S5+1 -> 45966 | U5: =T5+1 -> 45967 | V5: =U5+1 -> 45968 | W5: =V5+1 -> 45969 | X5: =W5+1 -> 45970 | ... AT5: =AS5+1 -> 45992
A6: =IFERROR(VLOOKUP($F6,매장구분!$B:$K,2,0),"") -> 파트너채널팀 | B6: =IFERROR(VLOOKUP($F6,매장구분!$B:$K,3,0),"") -> 국내 | C6: =IFERROR(VLOOKUP($F6,매장구분!$B:$K,5,0),"") -> 백화점 | D6: =IFERROR(VLOOKUP($F6,매장구분!$B:$Z,9,0),"") -> 갤러리아진주 | E6: 001 | F6: 갤러리아진주 | G6: 320 | H6: 31784000 | I6: 33883900 | J6: 359 | K6: 37872000 | L6: 39971900 | M6: -39 | N6: -6088000 | O6: -6088000 | P6: 2048000 | Q6: 1751000 | R6: 439000 | S6: 214000 | T6: 957000 | U6: 480300 | V6: 665000 | W6: 1543000 | X6: 2288000 | Y6: 747000 | Z6: 935000 | AA6: 502000 | AB6: 2393000 | AC6: 2086000 | AD6: 832200 | AE6: 1522000 | AF6: 704000 | AG6: 1033300 | AH6: 616000 | AI6: 2313900 | AJ6: 3229000 | AK6: 2395000 | AL6: 2090300 | AW6: =SUMIFS($P6:$AS6,$P$3:$AS$3,AW$3) -> 3799000 | AX6: =SUMIFS($P6:$AS6,$P$3:$AS$3,AX$3) -> 6586300 | AY6: =SUMIFS($P6:$AS6,$P$3:$AS$3,AY$3) -> 9017200 | AZ6: =SUMIFS($P6:$AS6,$P$3:$AS$3,AZ$3) -> 12381500 | BA6: =SUMIFS($P6:$AS6,$P$3:$AS$3,BA$3) -> 0 | BC6: =SUMIFS($P6:$AT6,$P$2:$AT$2,BC$3) -> 31784000
A7: =IFERROR(VLOOKUP($F7,매장구분!$B:$K,2,0),"") -> 파트너채널팀 | B7: =IFERROR(VLOOKUP($F7,매장구분!$B:$K,3,0),"") -> 국내 | C7: =IFERROR(VLOOKUP($F7,매장구분!$B:$K,5,0),"") -> 백화점 | D7: =IFERROR(VLOOKUP($F7,매장구분!$B:$Z,9,0),"") -> 롯데강남 | E7: 006 | F7: 롯데강남 | G7: 490 | H7: 81096000 | I7: 84815900 | J7: 535 | K7: 87492900 | L7: 91482800 | M7: -45 | N7: -6396900 | O7: -6666900 | P7: 797000 | Q7: 756000 | R7: 0 | S7: 1431000 | T7: 1277000 | U7: 476000 | V7: 1024000 | W7: 155900 | X7: 50885000 | Y7: 599000 | Z7: 446000 | AA7: 668000 | AB7: -242100 | AC7: 398000 | AD7: 874000 | AE7: 14860100 | AF7: 1385000 | AG7: 991000 | AH7: 1171000 | AI7: 86000 | AJ7: 471000 | AK7: 1750100 | AL7: 837000 | AW7: =SUMIFS($P7:$AS7,$P$3:$AS$3,AW$3) -> 1553000 | AX7: =SUMIFS($P7:$AS7,$P$3:$AS$3,AX$3) -> 55248900 | AY7: =SUMIFS($P7:$AS7,$P$3:$AS$3,AY$3) -> 17603000 | AZ7: =SUMIFS($P7:$AS7,$P$3:$AS$3,AZ$3) -> 6691100 | BA7: =SUMIFS($P7:$AS7,$P$3:$AS$3,BA$3) -> 0 | BC7: =SUMIFS($P7:$AT7,$P$2:$AT$2,BC$3) -> 81096000
A8: =IFERROR(VLOOKUP($F8,매장구분!$B:$K,2,0),"") -> 파트너채널팀 | B8: =IFERROR(VLOOKUP($F8,매장구분!$B:$K,3,0),"") -> 국내 | C8: =IFERROR(VLOOKUP($F8,매장구분!$B:$K,5,0),"") -> 백화점 | D8: =IFERROR(VLOOKUP($F8,매장구분!$B:$Z,9,0),"") -> 롯데일산 | E8: 007 | F8: 롯데일산 | G8: 1105 | H8: 109498700 | I8: 114592500 | J8: 1191 | K8: 121271900 | L8: 126674500 | M8: -86 | N8: -11773200 | O8: -12082000 | P8: 8631000 | Q8: 4063700 | R8: 0 | S8: 1038000 | T8: 16998300 | U8: 2150900 | V8: 742000 | W8: 3143000 | X8: 3036000 | Y8: 861000 | Z8: 1249000 | AA8: 1718000 | AB8: 1338400 | AC8: 6590100 | AD8: 9878900 | AE8: 9494800 | AF8: 1391000 | AG8: 2060300 | AH8: 966000 | AI8: 853000 | AJ8: 24882300 | AK8: 4296000 | AL8: 4117000 | AW8: =SUMIFS($P8:$AS8,$P$3:$AS$3,AW$3) -> 12694700 | AX8: =SUMIFS($P8:$AS8,$P$3:$AS$3,AX$3) -> 27108200 | AY8: =SUMIFS($P8:$AS8,$P$3:$AS$3,AY$3) -> 31130200 | AZ8: =SUMIFS($P8:$AS8,$P$3:$AS$3,AZ$3) -> 38565600 | BA8: =SUMIFS($P8:$AS8,$P$3:$AS$3,BA$3) -> 0 | BC8: =SUMIFS($P8:$AT8,$P$2:$AT$2,BC$3) -> 109498700
A9: =IFERROR(VLOOKUP($F9,매장구분!$B:$K,2,0),"") -> 파트너채널팀 | B9: =IFERROR(VLOOKUP($F9,매장구분!$B:$K,3,0),"") -> 국내 | C9: =IFERROR(VLOOKUP($F9,매장구분!$B:$K,5,0),"") -> 백화점 | D9: =IFERROR(VLOOKUP($F9,매장구분!$B:$Z,9,0),"") -> 롯데건대 | E9: 010 | F9: 롯데건대 | G9: 1542 | H9: 136280000 | I9: 148500000 | J9: 1559 | K9: 138641000 | L9: 150951000 | M9: -17 | N9: -2361000 | O9: -2451000 | P9: 2375000 | Q9: 1914000 | R9: 0 | S9: 2849000 | T9: 1475000 | U9: 1144000 | V9: 12811000 | W9: 22561000 | X9: 1071000 | Y9: 655000 | Z9: 592000 | AA9: 849000 | AB9: 1161000 | AC9: 1266000 | AD9: 2367000 | AE9: 49309000 | AF9: 979000 | AG9: 552000 | AH9: 2002000 | AI9: 1294000 | AJ9: 24205000 | AK9: 1438000 | AL9: 3411000 | AW9: =SUMIFS($P9:$AS9,$P$3:$AS$3,AW$3) -> 4289000 | AX9: =SUMIFS($P9:$AS9,$P$3:$AS$3,AX$3) -> 41911000 | AY9: =SUMIFS($P9:$AS9,$P$3:$AS$3,AY$3) -> 56199000 | AZ9: =SUMIFS($P9:$AS9,$P$3:$AS$3,AZ$3) -> 33881000 | BA9: =SUMIFS($P9:$AS9,$P$3:$AS$3,BA$3) -> 0 | BC9: =SUMIFS($P9:$AT9,$P$2:$AT$2,BC$3) -> 136280000
A10: =IFERROR(VLOOKUP($F10,매장구분!$B:$K,2,0),"") -> 파트너채널팀 | B10: =IFERROR(VLOOKUP($F10,매장구분!$B:$K,3,0),"") -> 국내 | C10: =IFERROR(VLOOKUP($F10,매장구분!$B:$K,5,0),"") -> 백화점 | D10: =IFERROR(VLOOKUP($F10,매장구분!$B:$Z,9,0),"") -> 롯데분당 | E10: 014 | F10: 롯데분당 | G10: 192 | H10: 14955000 | I10: 15945700 | J10: 347 | K10: 36382200 | L10: 37451600 | M10: -155 | N10: -21427200 | O10: -21505900 | P10: 1060000 | Q10: 842000 | R10: 0 | S10: 750000 | T10: 1245000 | U10: 1403900 | V10: 502000 | W10: 1064000 | X10: 586000 | Y10: 453000 | Z10: 319000 | AA10: 757000 | AB10: 377900 | AC10: 191000 | AD10: 559000 | AE10: 556900 | AF10: 34000 | AG10: 306100 | AH10: 264000 | AI10: 863900 | AJ10: 403300 | AK10: 1436000 | AL10: 981000 | AW10: =SUMIFS($P10:$AS10,$P$3:$AS$3,AW$3) -> 1902000 | AX10: =SUMIFS($P10:$AS10,$P$3:$AS$3,AX$3) -> 5550900 | AY10: =SUMIFS($P10:$AS10,$P$3:$AS$3,AY$3) -> 3213800 | AZ10: =SUMIFS($P10:$AS10,$P$3:$AS$3,AZ$3) -> 4288300 | BA10: =SUMIFS($P10:$AS10,$P$3:$AS$3,BA$3) -> 0 | BC10: =SUMIFS($P10:$AT10,$P$2:$AT$2,BC$3) -> 14955000
A11: =IFERROR(VLOOKUP($F11,매장구분!$B:$K,2,0),"") -> 파트너채널팀 | B11: =IFERROR(VLOOKUP($F11,매장구분!$B:$K,3,0),"") -> 국내 | C11: =IFERROR(VLOOKUP($F11,매장구분!$B:$K,5,0),"") -> 백화점 | D11: =IFERROR(VLOOKUP($F11,매장구분!$B:$Z,9,0),"") -> 현대울산동구 | E11: 015 | F11: 현대울산동구 | G11: 317 | H11: 28790300 | I11: 30561400 | J11: 447 | K11: 49340400 | L11: 51819400 | M11: -130 | N11: -20550100 | O11: -21258000 | P11: 3832000 | Q11: 1018000 | R11: 0 | S11: 2025300 | T11: 785900 | U11: 818500 | V11: 3700800 | W11: 1123000 | X11: 1387900 | Y11: 1352000 | Z11: 942000 | AA11: 1470300 | AB11: 1028700 | AC11: 435700 | AD11: 1766000 | AE11: 778300 | AF11: 816300 | AG11: 394000 | AH11: 266000 | AI11: 461000 | AJ11: 3012600 | AK11: 114000 | AL11: 1262000 | AW11: =SUMIFS($P11:$AS11,$P$3:$AS$3,AW$3) -> 4850000 | AX11: =SUMIFS($P11:$AS11,$P$3:$AS$3,AX$3) -> 9841400 | AY11: =SUMIFS($P11:$AS11,$P$3:$AS$3,AY$3) -> 7773000 | AZ11: =SUMIFS($P11:$AS11,$P$3:$AS$3,AZ$3) -> 6325900 | BA11: =SUMIFS($P11:$AS11,$P$3:$AS$3,BA$3) -> 0 | BC11: =SUMIFS($P11:$AT11,$P$2:$AT$2,BC$3) -> 28790300
A12: =IFERROR(VLOOKUP($F12,매장구분!$B:$K,2,0),"") -> 파트너채널팀 | B12: =IFERROR(VLOOKUP($F12,매장구분!$B:$K,3,0),"") -> 국내 | C12: =IFERROR(VLOOKUP($F12,매장구분!$B:$K,5,0),"") -> 백화점 | D12: =IFERROR(VLOOKUP($F12,매장구분!$B:$Z,9,0),"") -> 롯데청량리 | E12: 016 | F12: 롯데청량리 | G12: 735 | H12: 58715800 | I12: 61882800 | J12: 823 | K12: 69738900 | L12: 73025800 | M12: -88 | N12: -11023100 | O12: -11143000 | P12: 2090000 | Q12: 3112000 | R12: 0 | S12: 2630000 | T12: 2008000 | U12: 1737000 | V12: 847000 | W12: 7867000 | X12: 2215800 | Y12: 1009000 | Z12: 2243000 | AA12: 2268000 | AB12: 2728000 | AC12: 2157000 | AD12: 14924000 | AE12: 2336000 | AF12: 2099000 | AG12: 1194000 | AH12: 1343000 | AI12: 659000 | AJ12: 545000 | AK12: 1760000 | AL12: 944000 | AW12: =SUMIFS($P12:$AS12,$P$3:$AS$3,AW$3) -> 5202000 | AX12: =SUMIFS($P12:$AS12,$P$3:$AS$3,AX$3) -> 17304800 | AY12: =SUMIFS($P12:$AS12,$P$3:$AS$3,AY$3) -> 27665000 | AZ12: =SUMIFS($P12:$AS12,$P$3:$AS$3,AZ$3) -> 8544000 | BA12: =SUMIFS($P12:$AS12,$P$3:$AS$3,BA$3) -> 0 | BC12: =SUMIFS($P12:$AT12,$P$2:$AT$2,BC$3) -> 58715800
A13: =IFERROR(VLOOKUP($F13,매장구분!$B:$K,2,0),"") -> 파트너채널팀 | B13: =IFERROR(VLOOKUP($F13,매장구분!$B:$K,3,0),"") -> 국내 | C13: =IFERROR(VLOOKUP($F13,매장구분!$B:$K,5,0),"") -> 백화점 | D13: =IFERROR(VLOOKUP($F13,매장구분!$B:$Z,9,0),"") -> 신세계경기 | E13: 019 | F13: 신세계경기 | G13: 584 | H13: 53866600 | I13: 56806600 | J13: 625 | K13: 60829600 | L13: 63799600 | M13: -41 | N13: -6963000 | O13: -6993000 | P13: 2538000 | Q13: 3281000 | R13: 842000 | S13: 1791000 | T13: 1867000 | U13: 1464000 | V13: 868000 | W13: 5733000 | X13: 2808000 | Y13: 909000 | Z13: 811000 | AA13: 404000 | AB13: 1157000 | AC13: 6255800 | AD13: 7012000 | AE13: 3630900 | AF13: 1716000 | AG13: 1161000 | AH13: 1005000 | AI13: 1657000 | AJ13: 567000 | AK13: 3818000 | AL13: 2570900 | AW13: =SUMIFS($P13:$AS13,$P$3:$AS$3,AW$3) -> 5819000 | AX13: =SUMIFS($P13:$AS13,$P$3:$AS$3,AX$3) -> 15373000 | AY13: =SUMIFS($P13:$AS13,$P$3:$AS$3,AY$3) -> 20179700 | AZ13: =SUMIFS($P13:$AS13,$P$3:$AS$3,AZ$3) -> 12494900 | BA13: =SUMIFS($P13:$AS13,$P$3:$AS$3,BA$3) -> 0 | BC13: =SUMIFS($P13:$AT13,$P$2:$AT$2,BC$3) -> 53866600
A14: =IFERROR(VLOOKUP($F14,매장구분!$B:$K,2,0),"") -> 파트너채널팀 | B14: =IFERROR(VLOOKUP($F14,매장구분!$B:$K,3,0),"") -> 국내 | C14: =IFERROR(VLOOKUP($F14,매장구분!$B:$K,5,0),"") -> 백화점 | D14: =IFERROR(VLOOKUP($F14,매장구분!$B:$Z,9,0),"") -> 롯데광복 | E14: 021 | F14: 롯데광복 | G14: 576 | H14: 51137910 | I14: 55099000 | J14: 613 | K14: 56538910 | L14: 60550000 | M14: -37 | N14: -5401000 | O14: -5451000 | P14: 4286700 | Q14: 2392710 | R14: 0 | S14: 876000 | T14: 924000 | U14: 392000 | V14: 2277000 | W14: 6810000 | X14: 2687000 | Y14: 2407000 | Z14: 2693900 | AA14: 1157700 | AB14: 1235000 | AC14: 2226900 | AD14: 2736900 | AE14: 1158000 | AF14: 959000 | AG14: 1269000 | AH14: 883000 | AI14: 5490100 | AJ14: 2774000 | AK14: 2338000 | AL14: 3164000 | AW14: =SUMIFS($P14:$AS14,$P$3:$AS$3,AW$3) -> 6679410 | AX14: =SUMIFS($P14:$AS14,$P$3:$AS$3,AX$3) -> 13966000 | AY14: =SUMIFS($P14:$AS14,$P$3:$AS$3,AY$3) -> 13615400 | AZ14: =SUMIFS($P14:$AS14,$P$3:$AS$3,AZ$3) -> 16877100 | BA14: =SUMIFS($P14:$AS14,$P$3:$AS$3,BA$3) -> 0 | BC14: =SUMIFS($P14:$AT14,$P$2:$AT$2,BC$3) -> 51137910
A15: =IFERROR(VLOOKUP($F15,매장구분!$B:$K,2,0),"") -> 파트너채널팀 | B15: =IFERROR(VLOOKUP($F15,매장구분!$B:$K,3,0),"") -> 국내 | C15: =IFERROR(VLOOKUP($F15,매장구분!$B:$K,5,0),"") -> 백화점 | D15: =IFERROR(VLOOKUP($F15,매장구분!$B:$Z,9,0),"") -> 신세계센텀 | E15: 022 | F15: 신세계센텀 | G15: 1187 | H15: 77719100 | I15: 81172800 | J15: 1237 | K15: 86079100 | L15: 89552800 | M15: -50 | N15: -8360000 | O15: -8380000 | P15: 7010000 | Q15: 6828000 | R15: 2249300 | S15: 1913000 | T15: 1186900 | U15: 1651800 | V15: 2889000 | W15: 5881900 | X15: 3731900 | Y15: 1586000 | Z15: 1648000 | AA15: 1692000 | AB15: 1364900 | AC15: 1739000 | AD15: 4623000 | AE15: 5609000 | AF15: 1696000 | AG15: 3463800 | AH15: 2597000 | AI15: 2475800 | AJ15: 2047000 | AK15: 7587900 | AL15: 6247900 | AW15: =SUMIFS($P15:$AS15,$P$3:$AS$3,AW$3) -> 13838000 | AX15: =SUMIFS($P15:$AS15,$P$3:$AS$3,AX$3) -> 19503800 | AY15: =SUMIFS($P15:$AS15,$P$3:$AS$3,AY$3) -> 18261900 | AZ15: =SUMIFS($P15:$AS15,$P$3:$AS$3,AZ$3) -> 26115400 | BA15: =SUMIFS($P15:$AS15,$P$3:$AS$3,BA$3) -> 0 | BC15: =SUMIFS($P15:$AT15,$P$2:$AT$2,BC$3) -> 77719100
A16: =IFERROR(VLOOKUP($F16,매장구분!$B:$K,2,0),"") -> 파트너채널팀 | B16: =IFERROR(VLOOKUP($F16,매장구분!$B:$K,3,0),"") -> 국내 | C16: =IFERROR(VLOOKUP($F16,매장구분!$B:$K,5,0),"") -> 백화점 | D16: =IFERROR(VLOOKUP($F16,매장구분!$B:$Z,9,0),"") -> 현대킨텍스 | E16: 025 | F16: 현대킨텍스 | G16: 1180 | H16: 133348100 | I16: 137497600 | J16: 1544 | K16: 198890300 | L16: 203328600 | M16: -364 | N16: -65542200 | O16: -65831000 | P16: 6944000 | Q16: 13590000 | R16: 732000 | S16: 866000 | T16: 28752900 | U16: 2299000 | V16: 1068000 | W16: 630900 | X16: 2406000 | Y16: 0 | Z16: 882000 | AA16: 660000 | AB16: 930000 | AC16: 10308000 | AD16: 11508300 | AE16: 22212900 | AF16: 174000 | AG16: 1309000 | AH16: 1468000 | AI16: 444000 | AJ16: 528300 | AK16: 13900900 | AL16: 11733900 | AW16: =SUMIFS($P16:$AS16,$P$3:$AS$3,AW$3) -> 20534000 | AX16: =SUMIFS($P16:$AS16,$P$3:$AS$3,AX$3) -> 36754800 | AY16: =SUMIFS($P16:$AS16,$P$3:$AS$3,AY$3) -> 46501200 | AZ16: =SUMIFS($P16:$AS16,$P$3:$AS$3,AZ$3) -> 29558100 | BA16: =SUMIFS($P16:$AS16,$P$3:$AS$3,BA$3) -> 0 | BC16: =SUMIFS($P16:$AT16,$P$2:$AT$2,BC$3) -> 133348100
A17: =IFERROR(VLOOKUP($F17,매장구분!$B:$K,2,0),"") -> 파트너채널팀 | B17: =IFERROR(VLOOKUP($F17,매장구분!$B:$K,3,0),"") -> 국내 | C17: =IFERROR(VLOOKUP($F17,매장구분!$B:$K,5,0),"") -> 백화점 | D17: =IFERROR(VLOOKUP($F17,매장구분!$B:$Z,9,0),"") -> 갤러리아센터시티 | E17: 027 | F17: 갤러리아센터시티 | G17: 1541 | H17: 93312200 | I17: 100813200 | J17: 1563 | K17: 96235100 | L17: 103896100 | M17: -22 | N17: -2922900 | O17: -3082900 | P17: 3375000 | Q17: 2831900 | R17: 360000 | S17: 475000 | T17: 453000 | U17: 578000 | V17: 387000 | W17: 3370900 | X17: 18245000 | Y17: 538000 | Z17: 282000 | AA17: 1034900 | AB17: 1343000 | AC17: 1652900 | AD17: 2285000 | AE17: 2198900 | AF17: 608000 | AG17: 507000 | AH17: 263000 | AI17: 2233000 | AJ17: 48278000 | AK17: 1001900 | AL17: 1010800 | AW17: =SUMIFS($P17:$AS17,$P$3:$AS$3,AW$3) -> 6206900 | AX17: =SUMIFS($P17:$AS17,$P$3:$AS$3,AX$3) -> 23868900 | AY17: =SUMIFS($P17:$AS17,$P$3:$AS$3,AY$3) -> 9334700 | AZ17: =SUMIFS($P17:$AS17,$P$3:$AS$3,AZ$3) -> 53901700 | BA17: =SUMIFS($P17:$AS17,$P$3:$AS$3,BA$3) -> 0 | BC17: =SUMIFS($P17:$AT17,$P$2:$AT$2,BC$3) -> 93312200
... A197: =IFERROR(VLOOKUP($F197,매장구분!$B:$K,2,0),"") -> 파트너채널팀 | B197: =IFERROR(VLOOKUP($F197,매장구분!$B:$K,3,0),"") -> 도매 | C197: =IFERROR(VLOOKUP($F197,매장구분!$B:$K,5,0),"") -> 도매 | D197: =IFERROR(VLOOKUP($F197,매장구분!$B:$Z,9,0),"") -> 온라인완주 | E197: 954 | F197: 온라인완주 | G197: 4539 | H197: 194204430 | I197: 308261000 | J197: 4539 | K197: 194204430 | L197: 308261000 | M197: 0 | N197: 0 | O197: 0 | P197: 0 | Q197: 0 | R197: 0 | S197: 0 | T197: 0 | U197: 76939380 | V197: 0 | W197: 0 | X197: 0 | Y197: 0 | Z197: 0 | AA197: 27786150 | AB197: 44392950 | AC197: 0 | AD197: 0 | AE197: 0 | AF197: 0 | AG197: 0 | AH197: 7131600 | AI197: 37954350 | AJ197: 0 | AK197: 0 | AL197: 0 | AW197: =SUMIFS($P197:$AS197,$P$3:$AS$3,AW$3) -> 0 | AX197: =SUMIFS($P197:$AS197,$P$3:$AS$3,AX$3) -> 76939380 | AY197: =SUMIFS($P197:$AS197,$P$3:$AS$3,AY$3) -> 72179100 | AZ197: =SUMIFS($P197:$AS197,$P$3:$AS$3,AZ$3) -> 45085950 | BA197: =SUMIFS($P197:$AS197,$P$3:$AS$3,BA$3) -> 0 | BC197: =SUMIFS($P197:$AT197,$P$2:$AT$2,BC$3) -> 194204430
A198: =IFERROR(VLOOKUP($F198,매장구분!$B:$K,2,0),"") | B198: =IFERROR(VLOOKUP($F198,매장구분!$B:$K,3,0),"") | C198: =IFERROR(VLOOKUP($F198,매장구분!$B:$K,5,0),"") | D198: =IFERROR(VLOOKUP($F198,매장구분!$B:$Z,9,0),"") | AW198: =SUMIFS($P198:$AS198,$P$3:$AS$3,AW$3) -> 0 | AX198: =SUMIFS($P198:$AS198,$P$3:$AS$3,AX$3) -> 0 | AY198: =SUMIFS($P198:$AS198,$P$3:$AS$3,AY$3) -> 0 | AZ198: =SUMIFS($P198:$AS198,$P$3:$AS$3,AZ$3) -> 0 | BA198: =SUMIFS($P198:$AS198,$P$3:$AS$3,BA$3) -> 0 | BC198: =SUMIFS($P198:$AT198,$P$2:$AT$2,BC$3) -> 0
A199: =IFERROR(VLOOKUP($F199,매장구분!$B:$K,2,0),"") | B199: =IFERROR(VLOOKUP($F199,매장구분!$B:$K,3,0),"") | C199: =IFERROR(VLOOKUP($F199,매장구분!$B:$K,5,0),"") | D199: =IFERROR(VLOOKUP($F199,매장구분!$B:$Z,9,0),"") | AW199: =SUMIFS($P199:$AS199,$P$3:$AS$3,AW$3) -> 0 | AX199: =SUMIFS($P199:$AS199,$P$3:$AS$3,AX$3) -> 0 | AY199: =SUMIFS($P199:$AS199,$P$3:$AS$3,AY$3) -> 0 | AZ199: =SUMIFS($P199:$AS199,$P$3:$AS$3,AZ$3) -> 0 | BA199: =SUMIFS($P199:$AS199,$P$3:$AS$3,BA$3) -> 0 | BC199: =SUMIFS($P199:$AT199,$P$2:$AT$2,BC$3) -> 0
A200: =IFERROR(VLOOKUP($F200,매장구분!$B:$K,2,0),"") | B200: =IFERROR(VLOOKUP($F200,매장구분!$B:$K,3,0),"") | C200: =IFERROR(VLOOKUP($F200,매장구분!$B:$K,5,0),"") | D200: =IFERROR(VLOOKUP($F200,매장구분!$B:$Z,9,0),"") | AW200: =SUMIFS($P200:$AS200,$P$3:$AS$3,AW$3) -> 0 | AX200: =SUMIFS($P200:$AS200,$P$3:$AS$3,AX$3) -> 0 | AY200: =SUMIFS($P200:$AS200,$P$3:$AS$3,AY$3) -> 0 | AZ200: =SUMIFS($P200:$AS200,$P$3:$AS$3,AZ$3) -> 0 | BA200: =SUMIFS($P200:$AS200,$P$3:$AS$3,BA$3) -> 0 | BC200: =SUMIFS($P200:$AT200,$P$2:$AT$2,BC$3) -> 0
A201: =IFERROR(VLOOKUP($F201,매장구분!$B:$K,2,0),"") | B201: =IFERROR(VLOOKUP($F201,매장구분!$B:$K,3,0),"") | C201: =IFERROR(VLOOKUP($F201,매장구분!$B:$K,5,0),"") | D201: =IFERROR(VLOOKUP($F201,매장구분!$B:$Z,9,0),"") | AW201: =SUMIFS($P201:$AS201,$P$3:$AS$3,AW$3) -> 0 | AX201: =SUMIFS($P201:$AS201,$P$3:$AS$3,AX$3) -> 0 | AY201: =SUMIFS($P201:$AS201,$P$3:$AS$3,AY$3) -> 0 | AZ201: =SUMIFS($P201:$AS201,$P$3:$AS$3,AZ$3) -> 0 | BA201: =SUMIFS($P201:$AS201,$P$3:$AS$3,BA$3) -> 0 | BC201: =SUMIFS($P201:$AT201,$P$2:$AT$2,BC$3) -> 0
A202: =IFERROR(VLOOKUP($F202,매장구분!$B:$K,2,0),"") | B202: =IFERROR(VLOOKUP($F202,매장구분!$B:$K,3,0),"") | C202: =IFERROR(VLOOKUP($F202,매장구분!$B:$K,5,0),"") | D202: =IFERROR(VLOOKUP($F202,매장구분!$B:$Z,9,0),"") | AW202: =SUMIFS($P202:$AS202,$P$3:$AS$3,AW$3) -> 0 | AX202: =SUMIFS($P202:$AS202,$P$3:$AS$3,AX$3) -> 0 | AY202: =SUMIFS($P202:$AS202,$P$3:$AS$3,AY$3) -> 0 | AZ202: =SUMIFS($P202:$AS202,$P$3:$AS$3,AZ$3) -> 0 | BA202: =SUMIFS($P202:$AS202,$P$3:$AS$3,BA$3) -> 0 | BC202: =SUMIFS($P202:$AT202,$P$2:$AT$2,BC$3) -> 0
A203: =IFERROR(VLOOKUP($F203,매장구분!$B:$K,2,0),"") | B203: =IFERROR(VLOOKUP($F203,매장구분!$B:$K,3,0),"") | C203: =IFERROR(VLOOKUP($F203,매장구분!$B:$K,5,0),"") | D203: =IFERROR(VLOOKUP($F203,매장구분!$B:$Z,9,0),"") | AW203: =SUMIFS($P203:$AS203,$P$3:$AS$3,AW$3) -> 0 | AX203: =SUMIFS($P203:$AS203,$P$3:$AS$3,AX$3) -> 0 | AY203: =SUMIFS($P203:$AS203,$P$3:$AS$3,AY$3) -> 0 | AZ203: =SUMIFS($P203:$AS203,$P$3:$AS$3,AZ$3) -> 0 | BA203: =SUMIFS($P203:$AS203,$P$3:$AS$3,BA$3) -> 0 | BC203: =SUMIFS($P203:$AT203,$P$2:$AT$2,BC$3) -> 0
A204: =IFERROR(VLOOKUP($F204,매장구분!$B:$K,2,0),"") | B204: =IFERROR(VLOOKUP($F204,매장구분!$B:$K,3,0),"") | C204: =IFERROR(VLOOKUP($F204,매장구분!$B:$K,5,0),"") | D204: =IFERROR(VLOOKUP($F204,매장구분!$B:$Z,9,0),"") | AW204: =SUMIFS($P204:$AS204,$P$3:$AS$3,AW$3) -> 0 | AX204: =SUMIFS($P204:$AS204,$P$3:$AS$3,AX$3) -> 0 | AY204: =SUMIFS($P204:$AS204,$P$3:$AS$3,AY$3) -> 0 | AZ204: =SUMIFS($P204:$AS204,$P$3:$AS$3,AZ$3) -> 0 | BA204: =SUMIFS($P204:$AS204,$P$3:$AS$3,BA$3) -> 0 | BC204: =SUMIFS($P204:$AT204,$P$2:$AT$2,BC$3) -> 0
A205: =IFERROR(VLOOKUP($F205,매장구분!$B:$K,2,0),"") | B205: =IFERROR(VLOOKUP($F205,매장구분!$B:$K,3,0),"") | C205: =IFERROR(VLOOKUP($F205,매장구분!$B:$K,5,0),"") | D205: =IFERROR(VLOOKUP($F205,매장구분!$B:$Z,9,0),"") | AW205: =SUMIFS($P205:$AS205,$P$3:$AS$3,AW$3) -> 0 | AX205: =SUMIFS($P205:$AS205,$P$3:$AS$3,AX$3) -> 0 | AY205: =SUMIFS($P205:$AS205,$P$3:$AS$3,AY$3) -> 0 | AZ205: =SUMIFS($P205:$AS205,$P$3:$AS$3,AZ$3) -> 0 | BA205: =SUMIFS($P205:$AS205,$P$3:$AS$3,BA$3) -> 0 | BC205: =SUMIFS($P205:$AT205,$P$2:$AT$2,BC$3) -> 0
A206: =IFERROR(VLOOKUP($F206,매장구분!$B:$K,2,0),"") | B206: =IFERROR(VLOOKUP($F206,매장구분!$B:$K,3,0),"") | C206: =IFERROR(VLOOKUP($F206,매장구분!$B:$K,5,0),"") | D206: =IFERROR(VLOOKUP($F206,매장구분!$B:$Z,9,0),"") | AW206: =SUMIFS($P206:$AS206,$P$3:$AS$3,AW$3) -> 0 | AX206: =SUMIFS($P206:$AS206,$P$3:$AS$3,AX$3) -> 0 | AY206: =SUMIFS($P206:$AS206,$P$3:$AS$3,AY$3) -> 0 | AZ206: =SUMIFS($P206:$AS206,$P$3:$AS$3,AZ$3) -> 0 | BA206: =SUMIFS($P206:$AS206,$P$3:$AS$3,BA$3) -> 0 | BC206: =SUMIFS($P206:$AT206,$P$2:$AT$2,BC$3) -> 0
A207: =IFERROR(VLOOKUP($F207,매장구분!$B:$K,2,0),"") | B207: =IFERROR(VLOOKUP($F207,매장구분!$B:$K,3,0),"") | C207: =IFERROR(VLOOKUP($F207,매장구분!$B:$K,5,0),"") | D207: =IFERROR(VLOOKUP($F207,매장구분!$B:$Z,9,0),"") | AW207: =SUMIFS($P207:$AS207,$P$3:$AS$3,AW$3) -> 0 | AX207: =SUMIFS($P207:$AS207,$P$3:$AS$3,AX$3) -> 0 | AY207: =SUMIFS($P207:$AS207,$P$3:$AS$3,AY$3) -> 0 | AZ207: =SUMIFS($P207:$AS207,$P$3:$AS$3,AZ$3) -> 0 | BA207: =SUMIFS($P207:$AS207,$P$3:$AS$3,BA$3) -> 0 | BC207: =SUMIFS($P207:$AT207,$P$2:$AT$2,BC$3) -> 0
A208: =IFERROR(VLOOKUP($F208,매장구분!$B:$K,2,0),"") | B208: =IFERROR(VLOOKUP($F208,매장구분!$B:$K,3,0),"") | C208: =IFERROR(VLOOKUP($F208,매장구분!$B:$K,5,0),"") | D208: =IFERROR(VLOOKUP($F208,매장구분!$B:$Z,9,0),"") | AW208: =SUMIFS($P208:$AS208,$P$3:$AS$3,AW$3) -> 0 | AX208: =SUMIFS($P208:$AS208,$P$3:$AS$3,AX$3) -> 0 | AY208: =SUMIFS($P208:$AS208,$P$3:$AS$3,AY$3) -> 0 | AZ208: =SUMIFS($P208:$AS208,$P$3:$AS$3,AZ$3) -> 0 | BA208: =SUMIFS($P208:$AS208,$P$3:$AS$3,BA$3) -> 0 | BC208: =SUMIFS($P208:$AT208,$P$2:$AT$2,BC$3) -> 0
A209: =IFERROR(VLOOKUP($F209,매장구분!$B:$K,2,0),"") | B209: =IFERROR(VLOOKUP($F209,매장구분!$B:$K,3,0),"") | C209: =IFERROR(VLOOKUP($F209,매장구분!$B:$K,5,0),"") | D209: =IFERROR(VLOOKUP($F209,매장구분!$B:$Z,9,0),"") | AW209: =SUMIFS($P209:$AS209,$P$3:$AS$3,AW$3) -> 0 | AX209: =SUMIFS($P209:$AS209,$P$3:$AS$3,AX$3) -> 0 | AY209: =SUMIFS($P209:$AS209,$P$3:$AS$3,AY$3) -> 0 | AZ209: =SUMIFS($P209:$AS209,$P$3:$AS$3,AZ$3) -> 0 | BA209: =SUMIFS($P209:$AS209,$P$3:$AS$3,BA$3) -> 0 | BC209: =SUMIFS($P209:$AT209,$P$2:$AT$2,BC$3) -> 0
... A211: =IFERROR(VLOOKUP($F211,매장구분!$B:$K,2,0),"") | B211: =IFERROR(VLOOKUP($F211,매장구분!$B:$K,3,0),"") | C211: =IFERROR(VLOOKUP($F211,매장구분!$B:$K,5,0),"") | D211: =IFERROR(VLOOKUP($F211,매장구분!$B:$Z,9,0),"") | AW211: =SUMIFS($P211:$AS211,$P$3:$AS$3,AW$3) -> 0 | AX211: =SUMIFS($P211:$AS211,$P$3:$AS$3,AX$3) -> 0 | AY211: =SUMIFS($P211:$AS211,$P$3:$AS$3,AY$3) -> 0 | AZ211: =SUMIFS($P211:$AS211,$P$3:$AS$3,AZ$3) -> 0 | BA211: =SUMIFS($P211:$AS211,$P$3:$AS$3,BA$3) -> 0 | BC211: =SUMIFS($P211:$AT211,$P$2:$AT$2,BC$3) -> 0
A212: =IFERROR(VLOOKUP($F212,매장구분!$B:$K,2,0),"") | B212: =IFERROR(VLOOKUP($F212,매장구분!$B:$K,3,0),"") | C212: =IFERROR(VLOOKUP($F212,매장구분!$B:$K,5,0),"") | D212: =IFERROR(VLOOKUP($F212,매장구분!$B:$Z,9,0),"")
A213: =IFERROR(VLOOKUP($F213,매장구분!$B:$K,2,0),"") | B213: =IFERROR(VLOOKUP($F213,매장구분!$B:$K,3,0),"") | C213: =IFERROR(VLOOKUP($F213,매장구분!$B:$K,5,0),"") | D213: =IFERROR(VLOOKUP($F213,매장구분!$B:$Z,9,0),"")
A214: =IFERROR(VLOOKUP($F214,매장구분!$B:$K,2,0),"") | B214: =IFERROR(VLOOKUP($F214,매장구분!$B:$K,3,0),"") | C214: =IFERROR(VLOOKUP($F214,매장구분!$B:$K,5,0),"") | D214: =IFERROR(VLOOKUP($F214,매장구분!$B:$Z,9,0),"")
A215: =IFERROR(VLOOKUP($F215,매장구분!$B:$K,2,0),"") | B215: =IFERROR(VLOOKUP($F215,매장구분!$B:$K,3,0),"") | C215: =IFERROR(VLOOKUP($F215,매장구분!$B:$K,5,0),"") | D215: =IFERROR(VLOOKUP($F215,매장구분!$B:$Z,9,0),"")
A216: =IFERROR(VLOOKUP($F216,매장구분!$B:$K,2,0),"") | B216: =IFERROR(VLOOKUP($F216,매장구분!$B:$K,3,0),"") | C216: =IFERROR(VLOOKUP($F216,매장구분!$B:$K,5,0),"") | D216: =IFERROR(VLOOKUP($F216,매장구분!$B:$Z,9,0),"")
A217: =IFERROR(VLOOKUP($F217,매장구분!$B:$K,2,0),"") | B217: =IFERROR(VLOOKUP($F217,매장구분!$B:$K,3,0),"") | C217: =IFERROR(VLOOKUP($F217,매장구분!$B:$K,5,0),"") | D217: =IFERROR(VLOOKUP($F217,매장구분!$B:$Z,9,0),"")
A218: =IFERROR(VLOOKUP($F218,매장구분!$B:$K,2,0),"") | B218: =IFERROR(VLOOKUP($F218,매장구분!$B:$K,3,0),"") | C218: =IFERROR(VLOOKUP($F218,매장구분!$B:$K,5,0),"") | D218: =IFERROR(VLOOKUP($F218,매장구분!$B:$Z,9,0),"")
A219: =IFERROR(VLOOKUP($F219,매장구분!$B:$K,2,0),"") | B219: =IFERROR(VLOOKUP($F219,매장구분!$B:$K,3,0),"") | C219: =IFERROR(VLOOKUP($F219,매장구분!$B:$K,5,0),"") | D219: =IFERROR(VLOOKUP($F219,매장구분!$B:$Z,9,0),"")
A220: =IFERROR(VLOOKUP($F220,매장구분!$B:$K,2,0),"") | B220: =IFERROR(VLOOKUP($F220,매장구분!$B:$K,3,0),"") | C220: =IFERROR(VLOOKUP($F220,매장구분!$B:$K,5,0),"") | D220: =IFERROR(VLOOKUP($F220,매장구분!$B:$Z,9,0),"")
A221: =IFERROR(VLOOKUP($F221,매장구분!$B:$K,2,0),"") | B221: =IFERROR(VLOOKUP($F221,매장구분!$B:$K,3,0),"") | C221: =IFERROR(VLOOKUP($F221,매장구분!$B:$K,5,0),"") | D221: =IFERROR(VLOOKUP($F221,매장구분!$B:$Z,9,0),"")
A222: =IFERROR(VLOOKUP($F222,매장구분!$B:$K,2,0),"") | B222: =IFERROR(VLOOKUP($F222,매장구분!$B:$K,3,0),"") | C222: =IFERROR(VLOOKUP($F222,매장구분!$B:$K,5,0),"") | D222: =IFERROR(VLOOKUP($F222,매장구분!$B:$Z,9,0),"")
A223: =IFERROR(VLOOKUP($F223,매장구분!$B:$K,2,0),"") | B223: =IFERROR(VLOOKUP($F223,매장구분!$B:$K,3,0),"") | C223: =IFERROR(VLOOKUP($F223,매장구분!$B:$K,5,0),"") | D223: =IFERROR(VLOOKUP($F223,매장구분!$B:$Z,9,0),"")
... A279: =IFERROR(VLOOKUP($F279,매장구분!$B:$K,2,0),"") | B279: =IFERROR(VLOOKUP($F279,매장구분!$B:$K,3,0),"") | C279: =IFERROR(VLOOKUP($F279,매장구분!$B:$K,5,0),"") | D279: =IFERROR(VLOOKUP($F279,매장구분!$B:$Z,9,0),"")
A280: =IFERROR(VLOOKUP($F280,매장구분!$B:$K,2,0),"") | B280: =IFERROR(VLOOKUP($F280,매장구분!$B:$K,3,0),"") | C280: =IFERROR(VLOOKUP($F280,매장구분!$B:$K,5,0),"")
A281: =IFERROR(VLOOKUP($F281,매장구분!$B:$K,2,0),"") | B281: =IFERROR(VLOOKUP($F281,매장구분!$B:$K,3,0),"") | C281: =IFERROR(VLOOKUP($F281,매장구분!$B:$K,5,0),"")
A282: =IFERROR(VLOOKUP($F282,매장구분!$B:$K,2,0),"") | B282: =IFERROR(VLOOKUP($F282,매장구분!$B:$K,3,0),"") | C282: =IFERROR(VLOOKUP($F282,매장구분!$B:$K,5,0),"")
A283: =IFERROR(VLOOKUP($F283,매장구분!$B:$K,2,0),"") | B283: =IFERROR(VLOOKUP($F283,매장구분!$B:$K,3,0),"") | C283: =IFERROR(VLOOKUP($F283,매장구분!$B:$K,5,0),"")
A284: =IFERROR(VLOOKUP($F284,매장구분!$B:$K,2,0),"") | B284: =IFERROR(VLOOKUP($F284,매장구분!$B:$K,3,0),"") | C284: =IFERROR(VLOOKUP($F284,매장구분!$B:$K,5,0),"")
A285: =IFERROR(VLOOKUP($F285,매장구분!$B:$K,2,0),"") | B285: =IFERROR(VLOOKUP($F285,매장구분!$B:$K,3,0),"") | C285: =IFERROR(VLOOKUP($F285,매장구분!$B:$K,5,0),"")
A286: =IFERROR(VLOOKUP($F286,매장구분!$B:$K,2,0),"") | B286: =IFERROR(VLOOKUP($F286,매장구분!$B:$K,3,0),"") | C286: =IFERROR(VLOOKUP($F286,매장구분!$B:$K,5,0),"")
A287: =IFERROR(VLOOKUP($F287,매장구분!$B:$K,2,0),"") | B287: =IFERROR(VLOOKUP($F287,매장구분!$B:$K,3,0),"") | C287: =IFERROR(VLOOKUP($F287,매장구분!$B:$K,5,0),"")
A288: =IFERROR(VLOOKUP($F288,매장구분!$B:$K,2,0),"") | B288: =IFERROR(VLOOKUP($F288,매장구분!$B:$K,3,0),"") | C288: =IFERROR(VLOOKUP($F288,매장구분!$B:$K,5,0),"")
A289: =IFERROR(VLOOKUP($F289,매장구분!$B:$K,2,0),"") | B289: =IFERROR(VLOOKUP($F289,매장구분!$B:$K,3,0),"") | C289: =IFERROR(VLOOKUP($F289,매장구분!$B:$K,5,0),"")
A290: =IFERROR(VLOOKUP($F290,매장구분!$B:$K,2,0),"") | B290: =IFERROR(VLOOKUP($F290,매장구분!$B:$K,3,0),"") | C290: =IFERROR(VLOOKUP($F290,매장구분!$B:$K,5,0),"")
A291: =IFERROR(VLOOKUP($F291,매장구분!$B:$K,2,0),"") | B291: =IFERROR(VLOOKUP($F291,매장구분!$B:$K,3,0),"") | C291: =IFERROR(VLOOKUP($F291,매장구분!$B:$K,5,0),"")
... A435: =IFERROR(VLOOKUP($F435,매장구분!$B:$K,2,0),"") | B435: =IFERROR(VLOOKUP($F435,매장구분!$B:$K,3,0),"") | C435: =IFERROR(VLOOKUP($F435,매장구분!$B:$K,5,0),"")

Sheet 전년
L1: 오늘 몇일 | M1: =당년!M1 -> 24 | P1: =DAY(P6) -> 1 | Q1: =DAY(Q6) -> 2 | R1: =DAY(R6) -> 3 | S1: =DAY(S6) -> 4 | T1: =DAY(T6) -> 5 | U1: =DAY(U6) -> 6 | V1: =DAY(V6) -> 7 | W1: =DAY(W6) -> 8 | ... AU1: =DAY(AU6) -> 0
M2: 직접 수기로 바꿀것 | P2: =IF(P1<$M$1,"동일","") -> 동일 | Q2: =IF(Q1<$M$1,"동일","") -> 동일 | R2: =IF(R1<$M$1,"동일","") -> 동일 | S2: =IF(S1<$M$1,"동일","") -> 동일 | T2: =IF(T1<$M$1,"동일","") -> 동일 | U2: =IF(U1<$M$1,"동일","") -> 동일 | V2: =IF(V1<$M$1,"동일","") -> 동일 | W2: =IF(W1<$M$1,"동일","") -> 동일 | ... AS2: =IF(AS1<$M$1,"동일","")
Q3: 1 | R3: 1 | S3: 2 | T3: 2 | U3: 2 | V3: 2 | W3: 2 | X3: 2 | Y3: 2 | Z3: 3 | AA3: 3 | AB3: 3 | AC3: 3 | AD3: 3 | AE3: 3 | AF3: 3 | AG3: 4 | AH3: 4 | AI3: 4 | AJ3: 4 | AK3: 4 | AL3: 4 | AM3: 4 | AN3: 5 | AO3: 5 | AP3: 5 | AQ3: 5 | AR3: 5 | AS3: 5 | AT3: 5 | AW3: 1 | AX3: 2 | AY3: 3 | AZ3: 4 | BA3: 5 | BC3: 동일 | BD3: 월마감
P5: 금 | Q5: 토 | R5: 일 | S5: 월 | T5: 화 | U5: 수 | V5: 목 | W5: 금 | X5: 토 | Y5: 일 | Z5: 월 | AA5: 화 | AB5: 수 | AC5: 목 | AD5: 금 | AE5: 토 | AF5: 일 | AG5: 월 | AH5: 화 | AI5: 수 | AJ5: 목 | AK5: 금 | AL5: 토 | AM5: 일 | AN5: 월 | AO5: 화 | AP5: 수 | AQ5: 목 | AR5: 금 | AS5: 토 | AT5: 일 | AW5: =SUBTOTAL(9,AW7:AW216) -> 2007969322 | AX5: =SUBTOTAL(9,AX7:AX216) -> 7740086118 | AY5: =SUBTOTAL(9,AY7:AY216) -> 6993007565 | AZ5: =SUBTOTAL(9,AZ7:AZ216) -> 7212765468 | BA5: =SUBTOTAL(9,BA7:BA216) -> 7166784270 | BB5: =SUBTOTAL(9,BB7:BB216) -> 0 | BC5: =SUBTOTAL(9,BC7:BC216) -> 23809938360 | BD5: =SUBTOTAL(9,BD7:BD216) -> 31007987365
A6: 팀 | B6: 상권 | C6: 유통 | D6: 매장명변환 | E6: 매장코드 | F6: 매장명 | G6: 판매수량 | H6: 판매액 | I6: 판매택가 | J6: 정상_판매수량 | K6: 정상_판매액 | L6: 정상_판매택가 | M6: 반품_판매수량 | N6: 반품_판매액 | O6: 반품_판매택가 | P6: 45597 | Q6: =P6+1 -> 45598 | R6: =Q6+1 -> 45599 | S6: =R6+1 -> 45600 | T6: =S6+1 -> 45601 | U6: =T6+1 -> 45602 | V6: =U6+1 -> 45603 | W6: =V6+1 -> 45604 | X6: =W6+1 -> 45605 | ... AT6: =AS6+1 -> 45627
A7: =IFERROR(VLOOKUP($F7,매장구분!$B:$K,2,0),"") -> 파트너채널팀 | B7: =IFERROR(VLOOKUP($F7,매장구분!$B:$K,3,0),"") -> 국내 | C7: =IFERROR(VLOOKUP($F7,매장구분!$B:$K,5,0),"") -> 백화점 | D7: =IFERROR(VLOOKUP($F7,매장구분!$B:$Z,9,0),"") -> 갤러리아진주 | E7: 001 | F7: 갤러리아진주 | G7: 547 | H7: 62171200 | I7: 64115000 | J7: 618 | K7: 74217500 | L7: 76203000 | M7: -71 | N7: -12046300 | O7: -12088000 | P7: 475000 | Q7: 2729600 | R7: 2082600 | S7: 1096300 | T7: 546000 | U7: 1102600 | V7: 724000 | W7: 2527700 | X7: 2082000 | Y7: 2253000 | Z7: 718300 | AA7: 1834300 | AB7: 1322000 | AC7: 853000 | AD7: 743000 | AE7: 2156000 | AF7: 2067000 | AG7: 1169300 | AH7: 2191000 | AI7: 413000 | AJ7: 2285300 | AK7: 6908000 | AL7: 2935300 | AM7: 6511000 | AN7: 2687000 | AO7: 1198000 | AP7: 3006000 | AQ7: 705300 | AR7: 1111000 | AS7: 3157600 | AT7: 2581000 | AW7: =SUMIFS($Q7:$AU7,$Q$3:$AU$3,AW$3) -> 4812200 | AX7: =SUMIFS($Q7:$AU7,$Q$3:$AU$3,AX$3) -> 10331600 | AY7: =SUMIFS($Q7:$AU7,$Q$3:$AU$3,AY$3) -> 9693600 | AZ7: =SUMIFS($Q7:$AU7,$Q$3:$AU$3,AZ$3) -> 22412900 | BA7: =SUMIFS($Q7:$AU7,$Q$3:$AU$3,BA$3) -> 14445900 | BC7: =SUMIFS($P7:$AT7,$P$2:$AT$2,BC$3) -> 41214300 | BD7: =SUM(P7:AS7) -> 59590200
A8: =IFERROR(VLOOKUP($F8,매장구분!$B:$K,2,0),"") -> 파트너채널팀 | B8: =IFERROR(VLOOKUP($F8,매장구분!$B:$K,3,0),"") -> 국내 | C8: =IFERROR(VLOOKUP($F8,매장구분!$B:$K,5,0),"") -> 백화점 | D8: =IFERROR(VLOOKUP($F8,매장구분!$B:$Z,9,0),"") -> 롯데강남 | E8: 006 | F8: 롯데강남 | G8: 486 | H8: 49857300 | I8: 51759000 | J8: 637 | K8: 67361800 | L8: 70307000 | M8: -151 | N8: -17504500 | O8: -18548000 | P8: 797000 | Q8: 1609200 | R8: 722000 | S8: 0 | T8: 198000 | U8: 464400 | V8: 663300 | W8: 930800 | X8: 1117000 | Y8: 1737000 | Z8: 181000 | AA8: 287000 | AB8: 555800 | AC8: 1871400 | AD8: 13835700 | AE8: 2130200 | AF8: 1942100 | AG8: 1149000 | AH8: 1268000 | AI8: 1811700 | AJ8: 232000 | AK8: 900000 | AL8: 4027100 | AM8: 1419200 | AN8: 816000 | AO8: 971000 | AP8: 599000 | AQ8: 1101700 | AR8: 1499700 | AS8: 1400000 | AT8: 3621000 | AW8: =SUMIFS($Q8:$AU8,$Q$3:$AU$3,AW$3) -> 2331200 | AX8: =SUMIFS($Q8:$AU8,$Q$3:$AU$3,AX$3) -> 5110500 | AY8: =SUMIFS($Q8:$AU8,$Q$3:$AU$3,AY$3) -> 20803200 | AZ8: =SUMIFS($Q8:$AU8,$Q$3:$AU$3,AZ$3) -> 10807000 | BA8: =SUMIFS($Q8:$AU8,$Q$3:$AU$3,BA$3) -> 10008400 | BC8: =SUMIFS($P8:$AT8,$P$2:$AT$2,BC$3) -> 38429700 | BD8: =SUM(P8:AS8) -> 46236300
A9: =IFERROR(VLOOKUP($F9,매장구분!$B:$K,2,0),"") -> 파트너채널팀 | B9: =IFERROR(VLOOKUP($F9,매장구분!$B:$K,3,0),"") -> 국내 | C9: =IFERROR(VLOOKUP($F9,매장구분!$B:$K,5,0),"") -> 백화점 | D9: =IFERROR(VLOOKUP($F9,매장구분!$B:$Z,9,0),"") -> 롯데일산 | E9: 007 | F9: 롯데일산 | G9: 918 | H9: 107015100 | I9: 110604800 | J9: 1094 | K9: 137468000 | L9: 141342800 | M9: -176 | N9: -30452900 | O9: -30738000 | P9: 1902600 | Q9: 3132700 | R9: 2619200 | S9: 0 | T9: 6345800 | U9: 2954300 | V9: 2962600 | W9: 1565300 | X9: 5173400 | Y9: 6324200 | Z9: 2581000 | AA9: 4779200 | AB9: 4071000 | AC9: 499900 | AD9: 772000 | AE9: 5507100 | AF9: 8202900 | AG9: 1240000 | AH9: 1779000 | AI9: 1237000 | AJ9: 2799000 | AK9: 2010000 | AL9: 5526300 | AM9: 13912100 | AN9: 427000 | AO9: 1720000 | AP9: 1500000 | AQ9: 2082000 | AR9: 1309000 | AS9: 8866500 | AT9: 3214000 | AW9: =SUMIFS($Q9:$AU9,$Q$3:$AU$3,AW$3) -> 5751900 | AX9: =SUMIFS($Q9:$AU9,$Q$3:$AU$3,AX$3) -> 25325600 | AY9: =SUMIFS($Q9:$AU9,$Q$3:$AU$3,AY$3) -> 26413100 | AZ9: =SUMIFS($Q9:$AU9,$Q$3:$AU$3,AZ$3) -> 28503400 | BA9: =SUMIFS($Q9:$AU9,$Q$3:$AU$3,BA$3) -> 19118500 | BC9: =SUMIFS($P9:$AT9,$P$2:$AT$2,BC$3) -> 73984500 | BD9: =SUM(P9:AS9) -> 103801100
A10: =IFERROR(VLOOKUP($F10,매장구분!$B:$K,2,0),"") -> 파트너채널팀 | B10: =IFERROR(VLOOKUP($F10,매장구분!$B:$K,3,0),"") -> 국내 | C10: =IFERROR(VLOOKUP($F10,매장구분!$B:$K,5,0),"") -> 백화점 | D10: =IFERROR(VLOOKUP($F10,매장구분!$B:$Z,9,0),"") -> AK분당 | E10: 008 | F10: AK분당close | G10: 479 | H10: 71683000 | I10: 75353000 | J10: 724 | K10: 109666600 | L10: 113740000 | M10: -245 | N10: -37983600 | O10: -38387000 | P10: 89000 | Q10: 979900 | R10: 89700 | S10: 111000 | T10: 992600 | U10: 675000 | V10: 51000 | W10: -31100 | X10: 1168000 | Y10: 4514000 | Z10: 150000 | AA10: 400000 | AB10: 551000 | AC10: 445000 | AD10: 1271000 | AE10: 4515200 | AF10: 16913700 | AG10: 202000 | AH10: 1209000 | AI10: 1806000 | AJ10: -39000 | AK10: 639000 | AL10: 6831000 | AM10: 6399000 | AN10: 732000 | AO10: -528000 | AP10: 3259000 | AQ10: 309000 | AR10: 1136000 | AS10: 10794000 | AT10: 6049000 | AW10: =SUMIFS($Q10:$AU10,$Q$3:$AU$3,AW$3) -> 1069600 | AX10: =SUMIFS($Q10:$AU10,$Q$3:$AU$3,AX$3) -> 7480500 | AY10: =SUMIFS($Q10:$AU10,$Q$3:$AU$3,AY$3) -> 24245900 | AZ10: =SUMIFS($Q10:$AU10,$Q$3:$AU$3,AZ$3) -> 17047000 | BA10: =SUMIFS($Q10:$AU10,$Q$3:$AU$3,BA$3) -> 21751000 | BC10: =SUMIFS($P10:$AT10,$P$2:$AT$2,BC$3) -> 43533000 | BD10: =SUM(P10:AS10) -> 65634000
A11: =IFERROR(VLOOKUP($F11,매장구분!$B:$K,2,0),"") -> 파트너채널팀 | B11: =IFERROR(VLOOKUP($F11,매장구분!$B:$K,3,0),"") -> 국내 | C11: =IFERROR(VLOOKUP($F11,매장구분!$B:$K,5,0),"") -> 백화점 | D11: =IFERROR(VLOOKUP($F11,매장구분!$B:$Z,9,0),"") -> 롯데건대 | E11: 010 | F11: 롯데건대 | G11: 826 | H11: 105758300 | I11: 110652000 | J11: 860 | K11: 111434300 | L11: 116579000 | M11: -34 | N11: -5676000 | O11: -5927000 | P11: 806500 | Q11: 2779200 | R11: 1903800 | S11: 0 | T11: 887400 | U11: 5298700 | V11: 2451600 | W11: 139800 | X11: 1675200 | Y11: 1778800 | Z11: 1084300 | AA11: 6731000 | AB11: 1867500 | AC11: 27832500 | AD11: 889000 | AE11: 2270000 | AF11: 4416000 | AG11: 3122000 | AH11: 1679000 | AI11: 3704000 | AJ11: 1551200 | AK11: 968500 | AL11: 5491500 | AM11: 2718000 | AN11: 950300 | AO11: 466000 | AP11: 554000 | AQ11: 11576900 | AR11: 1030000 | AS11: 5784300 | AT11: 3351300 | AW11: =SUMIFS($Q11:$AU11,$Q$3:$AU$3,AW$3) -> 4683000 | AX11: =SUMIFS($Q11:$AU11,$Q$3:$AU$3,AX$3) -> 12231500 | AY11: =SUMIFS($Q11:$AU11,$Q$3:$AU$3,AY$3) -> 45090300 | AZ11: =SUMIFS($Q11:$AU11,$Q$3:$AU$3,AZ$3) -> 19234200 | BA11: =SUMIFS($Q11:$AU11,$Q$3:$AU$3,BA$3) -> 23712800 | BC11: =SUMIFS($P11:$AT11,$P$2:$AT$2,BC$3) -> 79327500 | BD11: =SUM(P11:AS11) -> 102407000
A12: =IFERROR(VLOOKUP($F12,매장구분!$B:$K,2,0),"") -> 파트너채널팀 | B12: =IFERROR(VLOOKUP($F12,매장구분!$B:$K,3,0),"") -> 국내 | C12: =IFERROR(VLOOKUP($F12,매장구분!$B:$K,5,0),"") -> 백화점 | D12: =IFERROR(VLOOKUP($F12,매장구분!$B:$Z,9,0),"") -> 롯데분당 | E12: 014 | F12: 롯데분당 | G12: 360 | H12: 28121800 | I12: 31024000 | J12: 622 | K12: 69120600 | L12: 72834000 | M12: -262 | N12: -40998800 | O12: -41810000 | P12: 519100 | Q12: 346500 | R12: 523500 | S12: 0 | T12: 1250800 | U12: 2022000 | V12: 1521500 | W12: 801100 | X12: 1243200 | Y12: 1073000 | Z12: 806800 | AA12: 854400 | AB12: 758500 | AC12: 1180000 | AD12: 240000 | AE12: 1260700 | AF12: 522200 | AG12: 984000 | AH12: 665600 | AI12: 1661600 | AJ12: 764400 | AK12: 368000 | AL12: 813100 | AM12: 1724300 | AN12: 1530200 | AO12: 1120500 | AP12: 521100 | AQ12: 423500 | AR12: 441000 | AS12: 1106200 | AT12: 1075000 | AW12: =SUMIFS($Q12:$AU12,$Q$3:$AU$3,AW$3) -> 870000 | AX12: =SUMIFS($Q12:$AU12,$Q$3:$AU$3,AX$3) -> 7911600 | AY12: =SUMIFS($Q12:$AU12,$Q$3:$AU$3,AY$3) -> 5622600 | AZ12: =SUMIFS($Q12:$AU12,$Q$3:$AU$3,AZ$3) -> 6981000 | BA12: =SUMIFS($Q12:$AU12,$Q$3:$AU$3,BA$3) -> 6217500 | BC12: =SUMIFS($P12:$AT12,$P$2:$AT$2,BC$3) -> 20180000 | BD12: =SUM(P12:AS12) -> 27046800
A13: =IFERROR(VLOOKUP($F13,매장구분!$B:$K,2,0),"") -> 파트너채널팀 | B13: =IFERROR(VLOOKUP($F13,매장구분!$B:$K,3,0),"") -> 국내 | C13: =IFERROR(VLOOKUP($F13,매장구분!$B:$K,5,0),"") -> 백화점 | D13: =IFERROR(VLOOKUP($F13,매장구분!$B:$Z,9,0),"") -> 현대울산동구 | E13: 015 | F13: 현대울산동구 | G13: 506 | H13: 57446000 | I13: 59875000 | J13: 658 | K13: 80872100 | L13: 83332000 | M13: -152 | N13: -23426100 | O13: -23457000 | P13: 1952600 | Q13: 1141100 | R13: 505200 | S13: 482100 | T13: 1435800 | U13: 1139800 | V13: 1803800 | W13: 2079300 | X13: 3172700 | Y13: 2900400 | Z13: 0 | AA13: 2010000 | AB13: 1644400 | AC13: 389300 | AD13: 947000 | AE13: 1544400 | AF13: 1419000 | AG13: 468000 | AH13: 3033200 | AI13: 1409300 | AJ13: 2706000 | AK13: 3793200 | AL13: 4503200 | AM13: 1894200 | AN13: 559000 | AO13: 1578500 | AP13: 2057200 | AQ13: 4661200 | AR13: 2108000 | AS13: 2404100 | AT13: 1704000 | AW13: =SUMIFS($Q13:$AU13,$Q$3:$AU$3,AW$3) -> 1646300 | AX13: =SUMIFS($Q13:$AU13,$Q$3:$AU$3,AX$3) -> 13013900 | AY13: =SUMIFS($Q13:$AU13,$Q$3:$AU$3,AY$3) -> 7954100 | AZ13: =SUMIFS($Q13:$AU13,$Q$3:$AU$3,AZ$3) -> 17807100 | BA13: =SUMIFS($Q13:$AU13,$Q$3:$AU$3,BA$3) -> 15072000 | BC13: =SUMIFS($P13:$AT13,$P$2:$AT$2,BC$3) -> 40479800 | BD13: =SUM(P13:AS13) -> 55742000
A14: =IFERROR(VLOOKUP($F14,매장구분!$B:$K,2,0),"") -> 파트너채널팀 | B14: =IFERROR(VLOOKUP($F14,매장구분!$B:$K,3,0),"") -> 국내 | C14: =IFERROR(VLOOKUP($F14,매장구분!$B:$K,5,0),"") -> 백화점 | D14: =IFERROR(VLOOKUP($F14,매장구분!$B:$Z,9,0),"") -> 롯데청량리 | E14: 016 | F14: 롯데청량리 | G14: 628 | H14: 59624900 | I14: 62741700 | J14: 858 | K14: 98579900 | L14: 102074700 | M14: -230 | N14: -38955000 | O14: -39333000 | P14: 1901800 | Q14: 1879000 | R14: 2315500 | S14: 0 | T14: 1253200 | U14: 2511800 | V14: 806200 | W14: 1940800 | X14: 3213400 | Y14: 3475000 | Z14: 455000 | AA14: 1696400 | AB14: 1973000 | AC14: 1721000 | AD14: 1492000 | AE14: 1613000 | AF14: 3372000 | AG14: 870000 | AH14: 530500 | AI14: 749000 | AJ14: 2419800 | AK14: 1092000 | AL14: 4317300 | AM14: 2436500 | AN14: 2447000 | AO14: 1814000 | AP14: 2407200 | AQ14: 824000 | AR14: 1632000 | AS14: 3187500 | AT14: 3279000 | AW14: =SUMIFS($Q14:$AU14,$Q$3:$AU$3,AW$3) -> 4194500 | AX14: =SUMIFS($Q14:$AU14,$Q$3:$AU$3,AX$3) -> 13200400 | AY14: =SUMIFS($Q14:$AU14,$Q$3:$AU$3,AY$3) -> 12322400 | AZ14: =SUMIFS($Q14:$AU14,$Q$3:$AU$3,AZ$3) -> 12415100 | BA14: =SUMIFS($Q14:$AU14,$Q$3:$AU$3,BA$3) -> 15590700 | BC14: =SUMIFS($P14:$AT14,$P$2:$AT$2,BC$3) -> 41597700 | BD14: =SUM(P14:AS14) -> 56345900
A15: =IFERROR(VLOOKUP($F15,매장구분!$B:$K,2,0),"") -> 파트너채널팀 | B15: =IFERROR(VLOOKUP($F15,매장구분!$B:$K,3,0),"") -> 국내 | C15: =IFERROR(VLOOKUP($F15,매장구분!$B:$K,5,0),"") -> 백화점 | D15: =IFERROR(VLOOKUP($F15,매장구분!$B:$Z,9,0),"") -> 신세계경기 | E15: 019 | F15: 신세계경기 | G15: 1082 | H15: 123931000 | I15: 131721800 | J15: 1121 | K15: 127075200 | L15: 135011800 | M15: -39 | N15: -3144200 | O15: -3290000 | P15: 711000 | Q15: 1580000 | R15: 3914000 | S15: 1035200 | T15: 340000 | U15: 3665200 | V15: 3403000 | W15: 494000 | X15: 2776200 | Y15: 3742000 | Z15: 808000 | AA15: 420900 | AB15: 851000 | AC15: 490300 | AD15: 320000 | AE15: 1508000 | AF15: 3579000 | AG15: 0 | AH15: 664000 | AI15: 31699100 | AJ15: 20037900 | AK15: 327000 | AL15: 6219500 | AM15: 4269000 | AN15: 13678300 | AO15: 12716900 | AP15: 1016500 | AQ15: 1328000 | AR15: 128000 | AS15: 407000 | AT15: 1802000 | AW15: =SUMIFS($Q15:$AU15,$Q$3:$AU$3,AW$3) -> 5494000 | AX15: =SUMIFS($Q15:$AU15,$Q$3:$AU$3,AX$3) -> 15455600 | AY15: =SUMIFS($Q15:$AU15,$Q$3:$AU$3,AY$3) -> 7977200 | AZ15: =SUMIFS($Q15:$AU15,$Q$3:$AU$3,AZ$3) -> 63216500 | BA15: =SUMIFS($Q15:$AU15,$Q$3:$AU$3,BA$3) -> 31076700 | BC15: =SUMIFS($P15:$AT15,$P$2:$AT$2,BC$3) -> 88585300 | BD15: =SUM(P15:AS15) -> 122129000
A16: =IFERROR(VLOOKUP($F16,매장구분!$B:$K,2,0),"") -> 파트너채널팀 | B16: =IFERROR(VLOOKUP($F16,매장구분!$B:$K,3,0),"") -> 국내 | C16: =IFERROR(VLOOKUP($F16,매장구분!$B:$K,5,0),"") -> 백화점 | D16: =IFERROR(VLOOKUP($F16,매장구분!$B:$Z,9,0),"") -> 롯데광복 | E16: 021 | F16: 롯데광복 | G16: 828 | H16: 68766000 | I16: 73458000 | J16: 870 | K16: 74477900 | L16: 79269000 | M16: -42 | N16: -5711900 | O16: -5811000 | P16: 1335100 | Q16: 1661600 | R16: 5157500 | S16: 0 | T16: 813300 | U16: 863300 | V16: 707400 | W16: 706900 | X16: 1238000 | Y16: 3262100 | Z16: 997000 | AA16: 896200 | AB16: 1054400 | AC16: 1263000 | AD16: 1220000 | AE16: 22778100 | AF16: 3392600 | AG16: 1384000 | AH16: 1138000 | AI16: 1969000 | AJ16: 462000 | AK16: 659000 | AL16: 3612000 | AM16: 1866000 | AN16: 1465100 | AO16: 329000 | AP16: 1624000 | AQ16: 673000 | AR16: 715500 | AS16: 3067400 | AT16: 2455500 | AW16: =SUMIFS($Q16:$AU16,$Q$3:$AU$3,AW$3) -> 6819100 | AX16: =SUMIFS($Q16:$AU16,$Q$3:$AU$3,AX$3) -> 7591000 | AY16: =SUMIFS($Q16:$AU16,$Q$3:$AU$3,AY$3) -> 31601300 | AZ16: =SUMIFS($Q16:$AU16,$Q$3:$AU$3,AZ$3) -> 11090000 | BA16: =SUMIFS($Q16:$AU16,$Q$3:$AU$3,BA$3) -> 10329500 | BC16: =SUMIFS($P16:$AT16,$P$2:$AT$2,BC$3) -> 56570500 | BD16: =SUM(P16:AS16) -> 66310500
A17: =IFERROR(VLOOKUP($F17,매장구분!$B:$K,2,0),"") -> 파트너채널팀 | B17: =IFERROR(VLOOKUP($F17,매장구분!$B:$K,3,0),"") -> 국내 | C17: =IFERROR(VLOOKUP($F17,매장구분!$B:$K,5,0),"") -> 백화점 | D17: =IFERROR(VLOOKUP($F17,매장구분!$B:$Z,9,0),"") -> 신세계센텀 | E17: 022 | F17: 신세계센텀 | G17: 1606 | H17: 172284500 | I17: 181041900 | J17: 1647 | K17: 176678400 | L17: 186218900 | M17: -41 | N17: -4393900 | O17: -5177000 | P17: 2063000 | Q17: 4016400 | R17: 5263900 | S17: 1220800 | T17: 1014800 | U17: 2633500 | V17: 29719400 | W17: 58138400 | X17: 3811000 | Y17: 3874700 | Z17: 1239500 | AA17: 1042500 | AB17: 1508000 | AC17: 1355000 | AD17: 1450500 | AE17: 3217700 | AF17: 2876900 | AG17: 0 | AH17: 2355000 | AI17: 3373000 | AJ17: 2245500 | AK17: 2973600 | AL17: 7513900 | AM17: 6142700 | AN17: 1640300 | AO17: 2369000 | AP17: 2754400 | AQ17: 4080000 | AR17: 2961700 | AS17: 4887100 | AT17: 4542300 | AW17: =SUMIFS($Q17:$AU17,$Q$3:$AU$3,AW$3) -> 9280300 | AX17: =SUMIFS($Q17:$AU17,$Q$3:$AU$3,AX$3) -> 100412600 | AY17: =SUMIFS($Q17:$AU17,$Q$3:$AU$3,AY$3) -> 12690100 | AZ17: =SUMIFS($Q17:$AU17,$Q$3:$AU$3,AZ$3) -> 24603700 | BA17: =SUMIFS($Q17:$AU17,$Q$3:$AU$3,BA$3) -> 23234800 | BC17: =SUMIFS($P17:$AT17,$P$2:$AT$2,BC$3) -> 142907000 | BD17: =SUM(P17:AS17) -> 167742200
A18: =IFERROR(VLOOKUP($F18,매장구분!$B:$K,2,0),"") -> 파트너채널팀 | B18: =IFERROR(VLOOKUP($F18,매장구분!$B:$K,3,0),"") -> 국내 | C18: =IFERROR(VLOOKUP($F18,매장구분!$B:$K,5,0),"") -> 백화점 | D18: =IFERROR(VLOOKUP($F18,매장구분!$B:$Z,9,0),"") -> 현대킨텍스 | E18: 025 | F18: 현대킨텍스 | G18: 704 | H18: 83820800 | I18: 86949000 | J18: 897 | K18: 118783400 | L18: 122817000 | M18: -193 | N18: -34962600 | O18: -35868000 | P18: 685900 | Q18: 313200 | R18: 1712500 | S18: 323000 | T18: 1357600 | U18: 1807000 | V18: 3046400 | W18: 1700900 | X18: 1915300 | Y18: 3043800 | Z18: 0 | AA18: 3176800 | AB18: 581000 | AC18: 4868000 | AD18: 14639900 | AE18: 1513500 | AF18: 5985000 | AG18: 13386000 | AH18: 501000 | AI18: 587000 | AJ18: 1086000 | AK18: 966000 | AL18: 2289000 | AM18: 7378000 | AN18: 1040000 | AO18: 1401000 | AP18: 839000 | AQ18: 1032000 | AR18: 443000 | AS18: 2403000 | AT18: 3800000 | AW18: =SUMIFS($Q18:$AU18,$Q$3:$AU$3,AW$3) -> 2025700 | AX18: =SUMIFS($Q18:$AU18,$Q$3:$AU$3,AX$3) -> 13194000 | AY18: =SUMIFS($Q18:$AU18,$Q$3:$AU$3,AY$3) -> 30764200 | AZ18: =SUMIFS($Q18:$AU18,$Q$3:$AU$3,AZ$3) -> 26193000 | BA18: =SUMIFS($Q18:$AU18,$Q$3:$AU$3,BA$3) -> 10958000 | BC18: =SUMIFS($P18:$AT18,$P$2:$AT$2,BC$3) -> 65484800 | BD18: =SUM(P18:AS18) -> 80020800
... A207: =IFERROR(VLOOKUP($F207,매장구분!$B:$K,2,0),"") -> 파트너채널팀 | B207: =IFERROR(VLOOKUP($F207,매장구분!$B:$K,3,0),"") -> 도매 | C207: =IFERROR(VLOOKUP($F207,매장구분!$B:$K,5,0),"") -> 도매 | D207: =IFERROR(VLOOKUP($F207,매장구분!$B:$Z,9,0),"") -> 온라인완주 | E207: 954 | F207: 온라인완주 | G207: 9764 | H207: 281214486 | I207: 449941000 | J207: 9764 | K207: 281214486 | L207: 449941000 | M207: 0 | N207: 0 | O207: 0 | P207: 0 | Q207: 0 | R207: 0 | S207: 0 | T207: 0 | U207: 33025860 | V207: 83899116 | W207: 0 | X207: 0 | Y207: 0 | Z207: 0 | AA207: 0 | AB207: 26434800 | AC207: 18062730 | AD207: 0 | AE207: 0 | AF207: 0 | AG207: 0 | AH207: 0 | AI207: 37718100 | AJ207: 18012960 | AK207: 0 | AL207: 0 | AM207: 0 | AN207: 0 | AO207: 0 | AP207: 5206950 | AQ207: 58853970 | AR207: 0 | AS207: 0 | AT207: 0 | AW207: =SUMIFS($Q207:$AU207,$Q$3:$AU$3,AW$3) -> 0 | AX207: =SUMIFS($Q207:$AU207,$Q$3:$AU$3,AX$3) -> 116924976 | AY207: =SUMIFS($Q207:$AU207,$Q$3:$AU$3,AY$3) -> 44497530 | AZ207: =SUMIFS($Q207:$AU207,$Q$3:$AU$3,AZ$3) -> 55731060 | BA207: =SUMIFS($Q207:$AU207,$Q$3:$AU$3,BA$3) -> 64060920 | BC207: =SUMIFS($P207:$AT207,$P$2:$AT$2,BC$3) -> 217153566 | BD207: =SUM(P207:AS207) -> 281214486
A208: =IFERROR(VLOOKUP($F208,매장구분!$B:$K,2,0),"") | B208: =IFERROR(VLOOKUP($F208,매장구분!$B:$K,3,0),"") | C208: =IFERROR(VLOOKUP($F208,매장구분!$B:$K,5,0),"") | D208: =IFERROR(VLOOKUP($F208,매장구분!$B:$Z,9,0),"") | AW208: =SUMIFS($Q208:$AU208,$Q$3:$AU$3,AW$3) -> 0 | AX208: =SUMIFS($Q208:$AU208,$Q$3:$AU$3,AX$3) -> 0 | AY208: =SUMIFS($Q208:$AU208,$Q$3:$AU$3,AY$3) -> 0 | AZ208: =SUMIFS($Q208:$AU208,$Q$3:$AU$3,AZ$3) -> 0 | BA208: =SUMIFS($Q208:$AU208,$Q$3:$AU$3,BA$3) -> 0 | BC208: =SUMIFS($P208:$AT208,$P$2:$AT$2,BC$3) -> 0 | BD208: =SUM(P208:AS208) -> 0
A209: =IFERROR(VLOOKUP($F209,매장구분!$B:$K,2,0),"") | B209: =IFERROR(VLOOKUP($F209,매장구분!$B:$K,3,0),"") | C209: =IFERROR(VLOOKUP($F209,매장구분!$B:$K,5,0),"") | D209: =IFERROR(VLOOKUP($F209,매장구분!$B:$Z,9,0),"") | AW209: =SUMIFS($Q209:$AU209,$Q$3:$AU$3,AW$3) -> 0 | AX209: =SUMIFS($Q209:$AU209,$Q$3:$AU$3,AX$3) -> 0 | AY209: =SUMIFS($Q209:$AU209,$Q$3:$AU$3,AY$3) -> 0 | AZ209: =SUMIFS($Q209:$AU209,$Q$3:$AU$3,AZ$3) -> 0 | BA209: =SUMIFS($Q209:$AU209,$Q$3:$AU$3,BA$3) -> 0 | BC209: =SUMIFS($P209:$AT209,$P$2:$AT$2,BC$3) -> 0 | BD209: =SUM(P209:AS209) -> 0
A210: =IFERROR(VLOOKUP($F210,매장구분!$B:$K,2,0),"") | B210: =IFERROR(VLOOKUP($F210,매장구분!$B:$K,3,0),"") | C210: =IFERROR(VLOOKUP($F210,매장구분!$B:$K,5,0),"") | D210: =IFERROR(VLOOKUP($F210,매장구분!$B:$Z,9,0),"") | AW210: =SUMIFS($Q210:$AU210,$Q$3:$AU$3,AW$3) -> 0 | AX210: =SUMIFS($Q210:$AU210,$Q$3:$AU$3,AX$3) -> 0 | AY210: =SUMIFS($Q210:$AU210,$Q$3:$AU$3,AY$3) -> 0 | AZ210: =SUMIFS($Q210:$AU210,$Q$3:$AU$3,AZ$3) -> 0 | BA210: =SUMIFS($Q210:$AU210,$Q$3:$AU$3,BA$3) -> 0 | BC210: =SUMIFS($P210:$AT210,$P$2:$AT$2,BC$3) -> 0 | BD210: =SUM(P210:AS210) -> 0
A211: =IFERROR(VLOOKUP($F211,매장구분!$B:$K,2,0),"") | B211: =IFERROR(VLOOKUP($F211,매장구분!$B:$K,3,0),"") | C211: =IFERROR(VLOOKUP($F211,매장구분!$B:$K,5,0),"") | D211: =IFERROR(VLOOKUP($F211,매장구분!$B:$Z,9,0),"") | AW211: =SUMIFS($Q211:$AU211,$Q$3:$AU$3,AW$3) -> 0 | AX211: =SUMIFS($Q211:$AU211,$Q$3:$AU$3,AX$3) -> 0 | AY211: =SUMIFS($Q211:$AU211,$Q$3:$AU$3,AY$3) -> 0 | AZ211: =SUMIFS($Q211:$AU211,$Q$3:$AU$3,AZ$3) -> 0 | BA211: =SUMIFS($Q211:$AU211,$Q$3:$AU$3,BA$3) -> 0 | BC211: =SUMIFS($P211:$AT211,$P$2:$AT$2,BC$3) -> 0 | BD211: =SUM(P211:AS211) -> 0
A213: =IFERROR(VLOOKUP($F213,매장구분!$B:$K,2,0),"") | B213: =IFERROR(VLOOKUP($F213,매장구분!$B:$K,3,0),"") | C213: =IFERROR(VLOOKUP($F213,매장구분!$B:$K,5,0),"") | D213: =IFERROR(VLOOKUP($F213,매장구분!$B:$Z,9,0),"")
A214: =IFERROR(VLOOKUP($F214,매장구분!$B:$K,2,0),"") | B214: =IFERROR(VLOOKUP($F214,매장구분!$B:$K,3,0),"") | C214: =IFERROR(VLOOKUP($F214,매장구분!$B:$K,5,0),"") | D214: =IFERROR(VLOOKUP($F214,매장구분!$B:$Z,9,0),"")
A215: =IFERROR(VLOOKUP($F215,매장구분!$B:$K,2,0),"") | B215: =IFERROR(VLOOKUP($F215,매장구분!$B:$K,3,0),"") | C215: =IFERROR(VLOOKUP($F215,매장구분!$B:$K,5,0),"") | D215: =IFERROR(VLOOKUP($F215,매장구분!$B:$Z,9,0),"")
A216: =IFERROR(VLOOKUP($F216,매장구분!$B:$K,2,0),"") | B216: =IFERROR(VLOOKUP($F216,매장구분!$B:$K,3,0),"") | C216: =IFERROR(VLOOKUP($F216,매장구분!$B:$K,5,0),"") | D216: =IFERROR(VLOOKUP($F216,매장구분!$B:$Z,9,0),"")
A217: =IFERROR(VLOOKUP($F217,매장구분!$B:$K,2,0),"") | B217: =IFERROR(VLOOKUP($F217,매장구분!$B:$K,3,0),"") | C217: =IFERROR(VLOOKUP($F217,매장구분!$B:$K,5,0),"") | D217: =IFERROR(VLOOKUP($F217,매장구분!$B:$Z,9,0),"")
A218: =IFERROR(VLOOKUP($F218,매장구분!$B:$K,2,0),"") | B218: =IFERROR(VLOOKUP($F218,매장구분!$B:$K,3,0),"") | C218: =IFERROR(VLOOKUP($F218,매장구분!$B:$K,5,0),"") | D218: =IFERROR(VLOOKUP($F218,매장구분!$B:$Z,9,0),"")
A219: =IFERROR(VLOOKUP($F219,매장구분!$B:$K,2,0),"") | B219: =IFERROR(VLOOKUP($F219,매장구분!$B:$K,3,0),"") | C219: =IFERROR(VLOOKUP($F219,매장구분!$B:$K,5,0),"") | D219: =IFERROR(VLOOKUP($F219,매장구분!$B:$Z,9,0),"")
A220: =IFERROR(VLOOKUP($F220,매장구분!$B:$K,2,0),"") | B220: =IFERROR(VLOOKUP($F220,매장구분!$B:$K,3,0),"") | C220: =IFERROR(VLOOKUP($F220,매장구분!$B:$K,5,0),"") | D220: =IFERROR(VLOOKUP($F220,매장구분!$B:$Z,9,0),"")
A221: =IFERROR(VLOOKUP($F221,매장구분!$B:$K,2,0),"") | B221: =IFERROR(VLOOKUP($F221,매장구분!$B:$K,3,0),"") | C221: =IFERROR(VLOOKUP($F221,매장구분!$B:$K,5,0),"") | D221: =IFERROR(VLOOKUP($F221,매장구분!$B:$Z,9,0),"")
A222: =IFERROR(VLOOKUP($F222,매장구분!$B:$K,2,0),"") | B222: =IFERROR(VLOOKUP($F222,매장구분!$B:$K,3,0),"") | C222: =IFERROR(VLOOKUP($F222,매장구분!$B:$K,5,0),"") | D222: =IFERROR(VLOOKUP($F222,매장구분!$B:$Z,9,0),"")
A223: =IFERROR(VLOOKUP($F223,매장구분!$B:$K,2,0),"") | B223: =IFERROR(VLOOKUP($F223,매장구분!$B:$K,3,0),"") | C223: =IFERROR(VLOOKUP($F223,매장구분!$B:$K,5,0),"") | D223: =IFERROR(VLOOKUP($F223,매장구분!$B:$Z,9,0),"")
A224: =IFERROR(VLOOKUP($F224,매장구분!$B:$K,2,0),"") | B224: =IFERROR(VLOOKUP($F224,매장구분!$B:$K,3,0),"") | C224: =IFERROR(VLOOKUP($F224,매장구분!$B:$K,5,0),"") | D224: =IFERROR(VLOOKUP($F224,매장구분!$B:$Z,9,0),"")
... A280: =IFERROR(VLOOKUP($F280,매장구분!$B:$K,2,0),"") | B280: =IFERROR(VLOOKUP($F280,매장구분!$B:$K,3,0),"") | C280: =IFERROR(VLOOKUP($F280,매장구분!$B:$K,5,0),"") | D280: =IFERROR(VLOOKUP($F280,매장구분!$B:$Z,9,0),"")

Sheet RF(당년)
L1: 오늘 몇일 | M1: =DAY(TODAY()) -> 24 | AZ1: 1 | BA1: 2 | BB1: 3 | BC1: 4 | BD1: 5
Q2: =IF(DAY(Q5)<$M$1,"동일","") -> 동일 | R2: =IF(DAY(R5)<$M$1,"동일","") -> 동일 | S2: =IF(DAY(S5)<$M$1,"동일","") -> 동일 | T2: =IF(DAY(T5)<$M$1,"동일","") -> 동일 | U2: =IF(DAY(U5)<$M$1,"동일","") -> 동일 | V2: =IF(DAY(V5)<$M$1,"동일","") -> 동일 | W2: =IF(DAY(W5)<$M$1,"동일","") -> 동일 | X2: =IF(DAY(X5)<$M$1,"동일","") -> 동일 | ... AT2: =IF(DAY(AT5)<$M$1,"동일","") | BF2: 동일 | BG2: 월마감
Q3: =당년!P3 -> 1 | R3: =당년!Q3 -> 1 | S3: =당년!R3 -> 2 | T3: =당년!S3 -> 2 | U3: =당년!T3 -> 2 | V3: =당년!U3 -> 2 | W3: =당년!V3 -> 2 | X3: =당년!W3 -> 2 | ... AU3: =당년!AT3 -> 5
E4: 당년 | Q4: =당년!P4 -> 토 | R4: =당년!Q4 -> 일 | S4: =당년!R4 -> 월 | T4: =당년!S4 -> 화 | U4: =당년!T4 -> 수 | V4: =당년!U4 -> 목 | W4: =당년!V4 -> 금 | X4: =당년!W4 -> 토 | ... AU4: =당년!AT4 -> 월 | AZ4: =SUBTOTAL(9,AZ$6:AZ$100) -> 351483397 | BA4: =SUBTOTAL(9,BA$6:BA$100) -> 1003123640 | BB4: =SUBTOTAL(9,BB$6:BB$100) -> 852115210 | BC4: =SUBTOTAL(9,BC$6:BC$100) -> 783661700 | BD4: =SUBTOTAL(9,BD$6:BD$100) -> 0
E5: 매장코드 | F5: 매장명 | G5: 판매유형 | H5: 판매수량 | I5: 판매액 | J5: 판매택가 | K5: 정상_판매수량 | L5: 정상_판매액 | M5: 정상_판매택가 | N5: 반품_판매수량 | O5: 반품_판매액 | P5: 반품_판매택가 | Q5: =당년!P5 -> 45962 | R5: =당년!Q5 -> 45963 | S5: =당년!R5 -> 45964 | T5: =당년!S5 -> 45965 | U5: =당년!T5 -> 45966 | V5: =당년!U5 -> 45967 | W5: =당년!V5 -> 45968 | X5: =당년!W5 -> 45969 | ... AU5: =당년!AT5 -> 45992
B6: =IFERROR(VLOOKUP($F6,매장구분!$B:$V,2,0),"") -> 파트너채널팀 | C6: =IFERROR(VLOOKUP($F6,매장구분!$B:$V,4,0),"") -> 백화점 | D6: =IF(G6="단체할인","단체",IF(G6="","","순수")) -> 단체 | E6: 082 | F6: 신세계본점 | G6: 단체할인 | H6: 1137 | I6: 146324400 | J6: 164543000 | K6: 1137 | L6: 146324400 | M6: 164543000 | N6: 0 | O6: 0 | P6: 0 | Q6: 0 | R6: 0 | S6: 0 | T6: 0 | U6: 0 | V6: 0 | W6: 132210000 | X6: 14114400 | Y6: 0 | Z6: 0 | AA6: 0 | AB6: 0 | AC6: 0 | AD6: 0 | AE6: 0 | AF6: 0 | AG6: 0 | AH6: 0 | AI6: 0 | AJ6: 0 | AK6: 0 | AL6: 0 | AM6: 0 | AZ6: =SUMIFS($Q6:$AU6,$Q$3:$AU$3,AZ$1) -> 0 | BA6: =SUMIFS($Q6:$AU6,$Q$3:$AU$3,BA$1) -> 146324400 | BB6: =SUMIFS($Q6:$AU6,$Q$3:$AU$3,BB$1) -> 0 | BC6: =SUMIFS($Q6:$AU6,$Q$3:$AU$3,BC$1) -> 0 | BD6: =SUMIFS($Q6:$AU6,$Q$3:$AU$3,BD$1) -> 0 | BF6: =SUMIFS($Q6:$AU6,$Q$2:$AU$2,BF$2) -> 146324400
